x1,x2,x3,x4,x5,x6,y
-0.1822815511776273,-0.1876359162112976,-0.10819218056082913,-0.8353096530213117,1.0,0.19610876349996353,1.2648016383024983
-0.12138427062524924,-1.0,0.2103327551703124,-1.0,-1.0,-1.0,9.814158296174597
0.08128078177299633,-0.32823777860081493,0.1365225475030537,0.062006839505195255,1.0,0.23621871884743523,-1.2669500686526318
0.9997355592706079,1.0,1.0,0.06770874786312153,0.9716683976245135,0.9828419359045035,-6.4392045772941735
-0.7076359269583867,-1.0,0.8962787160184502,0.42739555865194023,1.0,0.8240764319241975,2.091748068685302
1.0,0.24872569388756394,0.4219151335808189,1.0,-0.7035436288325395,-0.26735629726467497,2.978944495574754
-0.8912073208447231,-0.1836557324607,-0.21544988835471157,-0.9333210135343901,-1.0,-1.0,1.095821933697982
-1.0,-0.43090006582431095,-1.0,-0.5560630153314398,-1.0,-0.5444485558644909,-1.355648887247085
-1.0,-0.5101377727272736,-1.0,-1.0,-0.8841475737780258,-0.6592578987294857,-0.16657277082833233
-0.0014917153226366164,0.5011638028337745,0.756670458434617,0.7904388181335675,0.4028004177753461,0.19188105201440225,-0.49578122174397043
-1.0,0.00607771664295205,-1.0,0.09234466804518458,-0.7124462100480703,-0.0682001013672312,-2.5648576699808414
-1.0,0.31846525771417444,-1.0,-0.11643608244443149,1.0,0.38543140894295846,0.2346829339750266
1.0,0.6279146986846501,0.262654877634388,0.5241947609830785,-1.0,-0.7432885389143652,5.735325765148852
-1.0,-0.1296717858380212,-1.0,-1.0,-1.0,-1.0,1.4752001650932698
-0.9500078519003164,-0.5882040991851745,0.11416131745671235,-0.32846815817427577,-1.0,0.299953792093754,-2.4872830300558624
-0.7571236940897963,-0.0931926236049645,-0.11660130126670087,-0.8887054350392805,-1.0,-1.0,-0.1286297736502554
0.09834240735872779,-0.2730385201235329,1.0,-0.7876762231256349,-1.0,0.39125704300871966,0.20957250957776719
0.48224959822209645,1.0,-0.3754161259053836,-0.38563431518171426,0.6374232281164707,0.16143826439629705,-0.14324498231011173
-1.0,-0.12357025420199236,-0.3767221719698495,0.8954735280273134,1.0,0.8927950719868645,6.769960879013865
0.005707500763971196,0.29297655500144204,0.05674422601618678,-1.0,1.0,0.5287153912576249,3.041710263477405
0.33102279030357634,-1.0,-1.0,-0.5611822967434229,0.9419905118590014,-0.0416345103464002,-4.824762584902839
-0.7249244999788316,-0.987088851792565,-0.291654675415318,-0.23249986492955133,-0.583913778241054,-1.0,2.369578638037664
1.0,0.9574456937971056,0.708605240919816,0.2638664250104815,1.0,0.2829673100789165,-3.943852339752305
-1.0,-0.22862196306973814,-1.0,-0.6497102400584636,-0.22821663112992663,-0.7965413186513204,2.7460024792775197
-0.6941749415269409,-0.38732151934635106,-1.0,-0.5174280698144317,-0.1510100346293234,1.0,5.474770733295373
-0.6181478636491438,-1.0,0.2595401609820023,-0.02653034530263526,-0.09249820195522485,0.9694505721592619,-0.4379587336140056
1.0,0.15612341524343804,0.4255331950908736,-0.594405888022083,-0.44290884170700473,-0.5766248701215475,3.2444302099019975
-0.287224760093982,0.7823240869395464,0.14861696368993355,0.31423823343179763,0.010518502366706373,-1.0,3.0823891267782555
-0.09174550729650283,0.6455119283266243,-1.0,-1.0,0.7968793423226717,1.0,10.462376359359126
-0.5140648918958439,-1.0,-1.0,-1.0,0.7428979102305848,0.8968455007384245,-1.3033717138214607
0.35868684252753774,-0.10919884586532863,1.0,0.7711061947438356,1.0,0.7527534016425242,-2.251574192921014
1.0,0.5430900129600911,0.6834040421577605,0.46660535574771345,-0.11669876686454372,-0.5102261550309749,2.613829916423441
-1.0,-1.0,-1.0,-1.0,-1.0,-1.0,4.587231785277343
-0.2568630912565717,1.0,0.6988192178075516,0.21805818845192063,1.0,0.004065084237159455,-0.6200677734284039
0.23495609730694633,0.9564151970769674,-0.0488632107277705,0.03955830318411424,-0.24498822255707142,0.5255536245438519,1.5332143914307814
0.07137718318187103,0.823681198422,1.0,1.0,0.8575828312060263,-0.03552852147099528,-4.472041936308209
-0.2416190212619886,1.0,1.0,0.5735253352751362,-0.4064342646199161,-0.2862852512856163,-2.6691030466201573
0.22071690778006903,0.5956943690385544,-1.0,-1.0,-1.0,-1.0,1.290889516250325
0.4906496191887607,-0.5852402714663667,0.6291494414676853,-0.5549820407486953,-0.3138504926873316,-0.0577133866970313,1.1348564493915247
-0.5599874754293404,0.059321729157171044,-0.20080641835422375,-1.0,-1.0,-0.8248005983971238,1.1778407084958988
1.0,0.7112403674042929,0.5301294668064718,1.0,0.8244665025052449,-1.0,1.275068251322335
0.9052612320424429,0.27642105236268977,-0.060604061197697456,0.5147218197392496,-0.23999738675366566,1.0,3.8399535623333882
0.8003224859638187,1.0,0.41451673957423907,1.0,0.4236212965735796,-0.40708944113577583,-0.8866567390690799
-1.0,-1.0,-0.6967390784653151,-1.0,0.8207143294724855,-1.0,5.031494099213784
0.7671308073671559,0.10585102251111711,1.0,1.0,0.922226444808509,1.0,-4.127827380567407
0.02868650410174245,0.20170759809955094,0.3696727775683305,-0.2639244875710063,-1.0,-0.9751071532967763,1.7521569143195466
-0.20990653896850064,-0.4254150380511057,0.04746540685972633,-0.9351672393658303,0.08718638907806375,-0.20097659383820887,0.9943972036298012
-0.17837549232336103,-0.03382255766206055,-1.0,-0.30076079156313384,-0.29666751833220895,0.1292260365267176,0.05985795336612393
0.26773405565445696,0.61212352508483,0.41299308647671884,1.0,-1.0,-1.0,4.892248265037708
-1.0,-0.16999127613578136,-0.6229811064055002,-0.5612472447191104,-0.3349418941482286,1.0,3.2670327920857547
-0.07688165308673323,-0.8760805775538112,-1.0,0.08242358784896464,-0.3221444653253096,0.10789720507234968,-0.7719755105284049
-0.45695954138040873,0.4347991278464829,-0.907892049085766,0.1917137757143907,0.07471986589293955,-1.0,4.749064565837588
0.09347703250201378,-0.47665493107439016,-0.2773022483077792,-0.3762401987581705,1.0,0.7450269182585327,0.4972794821233833
0.11803639913741582,1.0,1.0,-1.0,0.5545293863992049,0.6503545292443836,-2.2513810540923256
0.04715998235488339,1.0,1.0,0.4734072778113485,0.7673752501686844,0.6308137013597643,-4.732585108168095
-0.5020692036153241,-0.23549164878942874,-0.9819515561122695,-1.0,0.9167293805680536,-0.4915752934477987,0.8382997856159177
0.5378953239087744,0.26116867722275927,1.0,0.9506691688699717,1.0,1.0,-4.058438802408138
0.33093161894439127,1.0,-0.09170839946932796,0.35072478787336253,-0.5233854482349451,0.676426247643328,2.2716921948972537
-0.05861398367698112,-0.4078027372740939,-0.4533268865842164,-0.17856973101613646,1.0,0.903867238035263,2.5295319951518436
0.5855753396811503,-0.8313266738754692,-1.0,0.3239119135705729,1.0,1.0,1.7795954782153052
-0.8850777174901004,0.3010824512408789,-0.4205056580853667,-0.7982043831018948,-1.0,0.548500760598743,-0.6035230821056471
1.0,0.010463356318532568,1.0,0.6915180446964757,-0.08439023309277216,-0.019459427045381172,0.5883057525877208
0.5403505376554558,1.0,0.6117462568352919,1.0,-1.0,-0.09215842669473268,2.471892712066438
-0.7244947368769388,-0.17956161932600084,-0.21910173612851377,-1.0,-0.6752495946114117,-1.0,1.473262142598668
-1.0,-0.5207179391076331,-0.20675647007206677,-0.5643869379150985,0.30426446503237803,-0.253002854993562,2.327349112040553
0.33306968912981977,1.0,0.6169798207473323,-0.8885081545825234,-1.0,-0.4768337036459034,2.848300768423995
-0.6865040423393596,-0.3566631177529873,-0.1971067075100552,0.16412823296171658,-0.853219420482062,-0.29992407078339245,-0.7366971515416041
1.0,0.5667407032308491,0.815219839815271,-0.1467989447585909,-0.7682589221738578,0.43151843519583427,1.8732179759484229
0.040753840147958076,0.7121888721003454,-0.8422153692387567,-0.09882793781883148,1.0,0.3838353821634563,1.9541636891750755
0.22009662867079388,-1.0,-0.7309704275948528,-0.9403556052342728,-0.6717144659547077,-0.6724942812353113,3.800299422998675
0.29425642255126755,0.02731944516334436,1.0,0.2477265427783123,0.22688425324057748,1.0,-1.606519320649518
0.6284629336602571,-0.7918308079668268,1.0,-1.0,0.334845679664643,0.8426829475189572,-4.803669433099496
-1.0,-0.3884859232011477,-0.2814102094635743,-0.034704764860259474,0.7580422211197078,0.7789888337020521,2.7107870691935028
0.041159249814234355,1.0,0.9469182489216315,0.3529619589255303,-0.11988003999111818,1.0,-2.7721720447435922
-1.0,-0.4845608217941908,0.9137877963809091,0.0558536801972509,-0.8664301086664252,0.4818891902674448,-4.1340834531160775
-0.9005279634377646,-0.44071425105022644,-0.27686216604906366,0.014081500277593473,-0.5025292198674747,0.7485326190163895,-1.1017889359668462
0.4105445215214417,0.196790526348962,0.9436098134680198,1.0,0.14085692467853347,0.49567531931361464,-2.6737521459307447
0.46045348620292675,-0.8413721882418392,0.022962005151864306,-0.7887753022225705,-0.1007826515159897,-0.6685680849608652,3.5030415895941647
0.38966545966917554,-1.0,-0.0404453869270332,0.9765149826454117,0.06184076985683262,0.09671931653357735,0.04824017005130035
-1.0,-0.415008214360054,-0.03579400585364523,-0.36391168414943786,0.15051928230677578,0.04864484126369889,-0.8231772723137011
0.4944017445540461,-0.39210404995648024,-0.415386896196491,0.17785797713957097,-0.21240194946669244,-1.0,3.418345113871273
-0.11271856001119906,-1.0,-1.0,-1.0,0.26831188898361247,0.39994766365408885,-4.117478645019441
1.0,0.8225941675101449,1.0,1.0,0.7637510234434577,0.6738654391158676,-8.115153719684557
1.0,1.0,0.5619613217870383,0.4732706944055036,-0.5266028629638473,-1.0,5.563141224467967
-0.6895330562240137,-1.0,-1.0,-0.9342540512889264,1.0,1.0,0.6257791165772099
0.1335125619291676,0.13705389162811632,-0.21627508446367094,0.22428596590763436,0.9448958876240692,1.0,4.599741730956497
0.6772788996676034,1.0,0.1840626046839411,0.6514326903264682,0.3337375807573404,0.7341787452743034,0.3809713033418753
-0.3570117211607977,-0.1759769224906469,-0.3519402967713938,0.06207788053265956,-0.14814849826569718,1.0,3.53474530490375
-1.0,-1.0,-0.7576318015533117,-1.0,0.22846465934084914,-0.8202841229275709,0.6504148992924836
1.0,0.21427329805114703,0.34852031605790845,0.08392275099358892,1.0,1.0,-0.8334614110250683
-0.4055193175480596,-0.06231824252005369,-1.0,0.527399428260563,0.9035158061369775,1.0,8.73609331011032
-0.7444478467387108,-0.32654339599129334,-0.5894674273457639,-0.7093166145133087,1.0,0.18087355198761523,0.8423086542814903
0.16800227715806562,-0.8140728477436256,-0.6078880427529043,0.611840793588349,-0.4813614583658863,-0.8664862513642984,1.427679698719817
-1.0,-0.8226737298452482,-1.0,-0.5018808247669677,1.0,1.0,5.0876496121566355
0.6314543816024122,0.16437784983170778,0.8889262622273177,-0.8224428622225115,1.0,0.0007159521099535104,-0.4565299735562458
-0.06541443664990099,-0.1254872749322542,-0.46212813999137203,-0.5586634262162982,0.21809830147804443,0.48295226466116015,0.9589966317326838
-1.0,-0.9745306210294041,-0.2855226464073761,-1.0,-1.0,-0.04075406323204539,1.2266827347287688
-1.0,0.391052755309183,1.0,0.7029054119559602,1.0,1.0,-1.9769846023724649
-1.0,-0.4387709329131484,-0.9671798539093106,-0.526619517131633,1.0,0.89674152345079,3.541509400606497
-0.7180827368166509,0.29568653279813617,1.0,0.13774700609706664,0.42980991061760987,1.0,-0.7955679657844468
-1.0,-1.0,-0.08700257030686465,0.32026095055341425,-1.0,0.8185031967379185,-1.2309353502002454
-1.0,-0.6264798886979823,-0.9483769424612597,-0.41357679944200676,-0.7601215536643899,-0.15778564879996804,-2.0763873523220995
-0.5543312297977949,-1.0,0.15315746677230135,-1.0,0.0055093008856426096,-0.4692938291233623,1.7865687646551092
0.15978033755886012,-0.14877418250065477,1.0,1.0,1.0,1.0,-0.845032175457642
1.0,-0.7672260592727499,-0.5810049749364469,-0.21561710008993124,-0.10421278394090061,0.07999206008274917,0.2672980113473249
1.0,0.44268679648458975,1.0,0.5336867947976218,1.0,1.0,-6.018249793117716
-0.542364452797514,-0.5195825041289437,-0.26716305303314214,-0.38851794980860394,-1.0,-0.018823828819647503,-0.2167844885878163
1.0,0.37507076713573895,0.4668738311174723,0.9266119449244496,-0.26402192533311586,1.0,1.6546686106482396
1.0,1.0,0.8432984788716877,0.3331786507249052,-0.8700616753691597,-0.16696046119431518,1.860202740274807
-0.09551782841992063,0.6006596561069726,0.6563903166501971,0.00850057126354653,1.0,-1.0,0.9245293069296361
-0.5341742413275169,0.6388702006833693,0.05832913674705298,0.5240024811944325,-1.0,-1.0,-0.1719941307151781
0.9655557644676982,0.5585607343905812,0.9082982964580105,1.0,-1.0,0.5332442444490678,2.9099198491872054
0.052719906523113536,-1.0,0.34093876489698377,-0.6604864709459781,-0.32202301277555256,-1.0,7.599696372997407
-1.0,0.5228221574370069,-0.042407356837870114,0.4601589940911353,0.030075906463174817,0.5617351347488398,-0.26708814836331496
0.07175760395078645,-1.0,-0.045130097695204485,0.36329860210935055,-0.9762739425058193,-0.8718028811014549,3.4543567395317205
1.0,0.8454660966949283,-1.0,-0.45869604696917754,-0.5207611971369139,-0.634689495318755,2.482431904976343
0.5177500988703059,1.0,0.19238894610094592,1.0,0.2902699541822178,-0.7261939646413154,1.882511059665666
1.0,-0.8858239071937892,0.6857836033795942,-1.0,-1.0,0.749115915268374,9.76293631020555
0.7322502788501468,1.0,-0.22720390629478088,1.0,-1.0,-1.0,10.024601421504187
-0.09768934251862704,1.0,0.6783479844799953,1.0,-1.0,-0.07589923386832864,0.08704660861887181
0.6592070319633948,-0.7054516557859201,-0.7087789203313432,-0.4637879385834538,0.6556757639854001,-1.0,1.0745049448322892
0.15876340591358878,-0.2830564540456461,0.8122574032619583,-1.0,-0.8946037485911476,0.03844693658924514,0.9841973825956
-0.08296557897620183,-1.0,-0.4482263141396059,-0.7631763340313129,-0.2641691913110493,-0.1415667351218602,-0.6854189122473797
-0.6154388271687568,-0.5960230110783892,-1.0,-1.0,-1.0,-0.5010794094248523,0.4206481560439791
-0.4801449220593316,0.629789943601378,-0.2312920163261063,0.8379678679676514,-1.0,-0.7114747481016697,-0.3320624059649653
0.24266468057658802,-1.0,0.568276673637421,-0.8272930164228212,-1.0,0.6616157753696748,5.238238856355938
-1.0,-1.0,-0.08774977930819827,-0.2147384155620018,1.0,1.0,4.222589551769027
-1.0,-1.0,-1.0,-1.0,0.06136863799784964,0.1389971170952602,-7.237399708220455
1.0,1.0,-0.8898001987636796,1.0,-1.0,-0.6490820493734731,9.627116151607586
0.10867238569942694,0.9407783911267678,0.5018539914092339,1.0,-0.7329944208724829,-1.0,4.704130605186475
1.0,0.7990390853114877,1.0,1.0,-1.0,-0.4300702651813782,5.787284746375223
0.7617102233299944,-0.9872194711281289,0.24305280193540818,-1.0,-0.7760279136854105,-1.0,13.418396800620272
-1.0,-0.6651206818101072,0.18188316457086284,-0.4378070831784729,-1.0,0.8212380384980157,-3.2142220802070964
-0.9666245854407992,0.4913053814473391,0.40729756869696043,-0.10266495423733263,-1.0,-0.1211272660885665,-1.8085522794119497
-0.04008098944343674,1.0,0.053001770854486874,0.27553460624662846,0.662467969425549,-0.890240708968919,1.32274674883482
0.2939102668583099,0.5657401730861693,-0.4732733934840358,-0.05762336773416227,-1.0,-1.0,1.131016713241633
-1.0,-1.0,0.4320287637780861,-0.8812124833362386,1.0,0.08304193905492041,2.799310387306195
-0.9779922623188539,-0.41883642061157267,0.17083824230965794,-0.44118436119350535,0.3657040022594894,0.4295184135383252,-0.07819648304948479
0.3279085857681644,1.0,0.13405711666801776,0.05990411100020954,0.9513349893127085,-0.7266397012117639,0.7884678130680094
0.20797833281240763,-0.26395428299121954,0.011807723913297874,0.9183368883072891,0.012227596477814427,0.044215751811194595,0.2043903100298435
0.2842588167303159,-1.0,0.529415259445444,0.2885432395949616,0.3452087215303208,0.20751626992273575,0.4376430335419809
-0.4349693461805061,0.4290924922399253,1.0,0.9159038798531521,-0.28422592192436147,0.3382409689899444,-1.6925072663413956
0.6911870419096103,0.5909797708857447,0.2614723027544968,0.4099659535139021,-0.7084622079678776,0.31958536545830984,1.1449530518082516
-1.0,-0.6105004141133907,-1.0,-0.6098916378742767,0.1820691409355235,-1.0,6.132475469175184
1.0,1.0,-0.8387305681144299,1.0,-0.27472460732295534,0.35777729341707626,4.313113824687186
-1.0,-1.0,-0.5288801693137476,-1.0,-1.0,0.42779730131866456,-1.3708841186856917
0.7055381204373106,0.553575147179747,0.282368476429838,1.0,-0.6916031022725324,1.0,3.6712953562174686
-0.7548098897399463,-1.0,-1.0,0.19741334194233645,-0.33323608016514916,-1.0,1.4969218189123814
-1.0,0.6008148989791935,1.0,0.2085371853680219,0.5681728639651564,-0.27068939902136346,-1.7448693501426311
-1.0,-1.0,-1.0,-0.4586483603896617,0.09870147598641033,-0.3964950962523348,-3.3548897914552946
0.35164595517115993,0.14760483384990697,1.0,1.0,1.0,0.9306422097354863,-3.1576465171754458
0.14010774041095053,0.15943112289022632,1.0,0.9282366964677312,-0.3060951864042157,1.0,-2.8538873083049587
0.3064337291945721,0.3985715104037446,0.9197342884549358,1.0,-1.0,0.1519551062757547,-0.10403016841224119
-1.0,-0.6440082390244948,-0.9360327466612901,-1.0,-1.0,-0.9799272102920122,3.4199818680458405
-0.5789608935173908,-1.0,-1.0,-0.6472373272156545,0.07319009773774465,0.33265340424846995,-3.7009844293317538
0.36015153574348246,-1.0,-1.0,-0.7717335861825627,-1.0,-1.0,6.55888907447324
-0.43915588176589315,-0.010018391901707835,-1.0,-0.4328529975586122,0.40845994859559875,-0.9675890958608706,4.284694211984241
1.0,1.0,0.18161016944809383,0.29090648080799775,-0.7063371705918653,0.11157866598427957,1.1410562496901895
-0.452294445490639,-0.23587385067639566,-0.6938187956598139,0.2799808384904644,0.19746060558990058,-0.904615101244984,2.5055412378836093
1.0,0.7672281345753045,1.0,1.0,1.0,-0.031163934110206015,-6.187958015142923
-0.7512754995742954,-0.5547455202786514,-0.9630482317518115,-0.6516626360833865,1.0,1.0,4.9195688790596455
1.0,1.0,0.7053465892930657,1.0,-1.0,-0.24775864826075267,5.4673242936608535
-0.5992364327699257,-1.0,-0.036693939343776405,0.23954730642150357,-1.0,-0.8619546675993695,0.8798626105626403
-0.5384915843389109,-1.0,-1.0,-0.14095144680883553,-0.13232812159110785,-0.7007611874038804,-0.9097402627606809
-1.0,-0.10477903921794673,1.0,-0.2524219822886048,0.5203747903243565,0.1261808228237311,-1.6881996090412146
-0.21714683185947636,-0.4081955492512488,-0.057841416128014966,-0.5886762885700452,-0.450589142504384,-0.8008626768210831,0.7611322104951967
-0.36553323007273986,-0.8371657699129502,-0.4537437895046651,-1.0,1.0,0.13195936836188393,0.20504377175738658
0.2533973394227824,0.27863479136576497,0.2027496657980392,0.7078480155061098,-1.0,-0.26772206756578565,1.8130064711053204
-0.3646803275176913,-1.0,-1.0,-0.932233739857941,-0.6453828510791024,0.6869623210265474,-0.027278546741236753
-0.6577702425769077,0.44412383900766234,-0.5234455920959781,1.0,1.0,1.0,7.948995272326819
-0.33404038595491725,-1.0,-1.0,-1.0,0.4381411607960453,0.8309506900125607,-2.9308526164152364
-0.6860195022580998,-0.08773740531945307,-0.4502816309931075,-1.0,0.7208354388916209,-0.5095041375955515,2.1415719809945486
-0.7680674198519083,0.6127177513239608,0.4675331552864521,-0.2471592521803656,0.20444270529289055,0.07491735233659191,-0.20662868570530094
-1.0,-1.0,-0.22069812895315133,-1.0,-0.5120382837876338,0.895709363962176,-2.733948588659705
-1.0,-1.0,-1.0,-1.0,0.850593515488062,-0.049544420667389386,-8.371751159990703
-0.19335236634849579,-0.8972906409776638,0.785541992462178,-0.5686809883468754,0.7470011055426901,-1.0,5.844455600363646
-0.39385558558557854,-0.6083576339258425,0.36165981263287894,1.0,-1.0,0.5422311222162737,1.5590680428033927
0.827126423903332,0.9693302889030272,0.5165013642459824,0.7101560306656092,-0.17368694239095284,-0.8821867517867543,4.066569837827069
-0.4062766088468286,-0.44292468488351955,-0.5748494687434113,-0.9206720534006576,-0.20348745028189388,1.0,2.439891098197492
1.0,0.3905126681150277,0.5073688206873631,0.6700396615119824,0.7402307267523298,-0.7605380633071471,0.027354791309293608
0.37537764716505295,1.0,1.0,0.35277876904510963,0.3460333932522882,1.0,-3.757625134165975
-0.07558754177849324,0.27097940453003316,0.001263298050737216,0.9957746431109828,0.2621585522291501,1.0,2.4809658267665364
-0.5862566265116274,-0.6370096735009376,0.7664343203617556,-0.8439233712203711,-1.0,-0.4148969233321604,2.2731812230767963
-0.17877910454384752,0.6451382729458416,-0.023711170278818722,1.0,0.29340570485880557,-0.38731545777751064,0.1345708417455337
1.0,0.5436739985656904,0.7872071130353315,0.161249927448883,-0.16477718810604197,-0.7463331369741567,3.0767134024991516
1.0,0.25705643631499686,0.39533614473350653,1.0,0.6194701521736129,-0.37158195039213326,-0.8981198464054888
0.7971876778026031,-0.304958315082412,-1.0,-1.0,-1.0,-1.0,6.6045520999214125
0.6907957047515729,-0.49691878358063374,-0.9628757967362347,0.27990262392910775,0.8071231652108759,1.0,3.3293798084704855
1.0,1.0,1.0,1.0,-1.0,-0.43581510637170273,6.0044103013605525
0.47206237067118506,1.0,0.542889528073526,1.0,-0.2086455179911081,-0.4724142447963758,0.5111363900532353
-0.06769493924291181,0.5243298510209803,0.23275154593263747,0.16214104909561577,-1.0,-0.6188182256828431,0.6443071813808704
1.0,1.0,1.0,0.6262613205073462,0.24910875637858382,-1.0,0.5223752759397594
-0.6980445748292532,-0.026347000666256226,0.9512819075702019,-0.5995749771412945,-1.0,-0.07275371537977215,-2.6334958179871757
1.0,0.6752071376908889,0.755734531692022,1.0,0.35927163913003557,-0.1073346936007682,-1.2398081202707811
1.0,0.08243516476648716,-1.0,0.18026817518778993,-0.1360468583809109,1.0,3.65199621824964
0.8936249056448429,-0.5929505846453631,1.0,0.1864010469288242,0.19498790117330628,-0.8607809419199384,2.6642594047624
0.18107101492285382,1.0,1.0,1.0,-1.0,-0.4452153904956089,-0.37363365279189586
1.0,1.0,1.0,0.5438120044882626,-0.5456800633443679,-0.23833385876432467,1.001698104280188
0.8695620262574973,0.5767304362648076,0.21542101395493818,0.7782227860593567,0.6381076546570766,0.6002353745703948,-0.9359314859605044
-0.3138405025153329,-1.0,-0.3375839039649555,-0.6261356567927396,-1.0,-1.0,3.506622496943873
1.0,1.0,1.0,1.0,-1.0,-0.23544335579915798,3.8902136109561347
1.0,-0.12375077514767463,1.0,0.004654973611718516,-1.0,-0.9809988614191163,8.215307115273973
0.05501416914716084,1.0,0.5005386405555141,0.4726796901124408,0.3193612157282033,-1.0,0.4550467398743149
-0.19782089964954996,-0.878156925864746,-0.9141192329785879,0.6133269935430564,-0.3394605955168776,-0.36087601577292094,-1.7499176462273995
-0.8614067797041067,-0.8245166580512051,-0.3731958516021776,-1.0,0.32666158776636023,-1.0,5.451129205368567
-1.0,-0.7351176550271368,0.9952537786001252,0.08902559947385508,0.21266865879169417,-0.7724172759913617,4.326646559746437
0.8194985987597433,0.41221762904749576,0.24715972854321516,-0.3303192326435938,0.7980764909098718,-0.2593790958959612,-0.8929141549490988
-1.0,-1.0,-0.714191476091425,-1.0,-0.5043467795272955,0.09236776875509811,-3.5322395575859855
0.67794705546136,0.7302218089878073,0.5687599636332179,0.22304946372458506,0.9242365815376696,0.5542142652231337,-1.6257793132959446
0.057169182181133635,0.3825850582942731,-0.7952688474520463,-0.6726713461825139,1.0,1.0,7.639203911523552
0.5173904766648739,-0.3215671288314341,0.5481061950653136,-0.4119898479895323,0.6331794500752274,-0.598588744872061,0.7602242248215881
-1.0,0.45368333657158566,-0.8860350989874595,0.8349791329743778,1.0,-0.1482184583631839,1.0508961760971163
0.04285200069118389,0.2600038609545463,0.5416298885248023,1.0,1.0,-0.07882974878789885,-0.7754232231034901
1.0,0.8537814053464368,1.0,0.8203644982540601,1.0,-0.8943861123034478,-5.677778093935233
-1.0,-1.0,-0.3034440593177723,-0.8821675965559803,-0.9945513251355063,-0.2995628557620257,2.744541093524067
-0.4528765120865446,-1.0,0.04759814618389546,-0.4031627686650481,-1.0,0.6792473404992104,0.8108497987029151
-0.015645358228006986,0.0020221048924298213,-1.0,-0.7326155047173214,-0.17752715386267265,-1.0,2.59325112874484
0.16247104487631459,-0.15079069873641815,-0.3496431020177807,-0.3205933247303623,-1.0,-1.0,2.3317961085171826
1.0,-0.2532462448483611,1.0,-0.3404188752718807,-0.6469984673422333,-0.3175428926603583,4.936538674144392
-1.0,-0.6738483246480815,0.43464006922953646,0.15210699587855336,0.3290079768887235,0.6224661914163261,0.9544929889199272
0.7518850547190683,0.84636584585389,-0.4078766441838953,1.0,-0.4731797315576264,1.0,6.585522328767331
-0.5037863398067098,-0.3981536885058592,1.0,-0.36139659823197834,-1.0,-0.5701353943265831,-0.6704937707557175
0.0982410834771475,1.0,1.0,-0.42892430647261004,-0.1386654985759357,-1.0,-2.2951515846024546
0.4966361703376748,-0.28362976234373916,0.7511116232141953,-0.7303001132494391,-0.13348429664049632,-1.0,4.213982654334674
0.9656694999172444,1.0,-0.39792259530288665,0.6138109929235688,0.0952153292928583,0.6600479984661188,1.8126611948239923
0.7497032147442488,0.1623236360122995,0.8278593483122567,0.1887090827892386,1.0,1.0,-2.5958914707550638
1.0,1.0,0.9681764539474887,1.0,1.0,1.0,-9.61923925177407
-1.0,-0.49279941423044815,-1.0,-0.6240624241776491,0.6039523753372434,0.5379735350009074,0.28429639961679454
-0.5937708980484617,-1.0,-1.0,-1.0,0.2732239901778457,0.9121614256800538,-1.7886404614525206
-0.46737566456735535,-0.9982243711297577,-1.0,-1.0,-0.9663568085958193,-0.4223725736354673,1.2181613694058617
-0.9220016132815214,0.35719079177638596,1.0,-0.8042401724900189,-0.1000669829073193,-0.8545002389846865,0.20016112967838934
1.0,1.0,0.6021380068454139,0.9060717625367118,0.31795484413945996,-1.0,3.1221574466487225
-0.846080977091014,-0.10920036807557576,-0.8027527124936059,-1.0,-1.0,-0.8252212338602308,1.0801778208133435
-0.6626305771275961,-1.0,0.6650366268055345,-0.6638220036887416,0.4687688936124955,-0.18495070236257205,2.390157125593214
-0.833376722542966,-0.765510934035046,-1.0,-0.7411118109513815,-0.36523636147139177,0.3710358627161663,-3.489259929385495
-0.568587849043062,-0.6537408909471969,-1.0,0.15832066492102329,0.014768927237957197,1.0,6.3086266464891505
-1.0,-1.0,-0.17692648901796354,-0.8414051592783602,-0.9020328490965644,-0.9207954625250759,2.8279416628420204
-0.5959804097010668,0.5382768389433867,0.06106219256119988,-1.0,-0.6756770983058016,-0.9514070192782937,0.41576105300434696
-0.4201972785402941,0.5464731527211067,0.2088818716894556,0.557563835536502,-0.28013930518314956,-0.39590714067198407,0.18949910036512133
-1.0,-1.0,-1.0,-1.0,-1.0,-0.09326315174602834,-1.1756041827513122
0.6163645632662105,0.075218500962978,0.5359635277798098,1.0,-0.3835284702377906,-0.9097043755092082,3.7189479511637957
-1.0,0.02824100823585418,-0.6332201614909942,0.33234966243733866,-1.0,-1.0,-0.2832498224054614
0.9158318414579931,0.20643187387932976,-1.0,-0.252072574087298,-0.43908960972460664,-0.5865424464312425,1.686067133358403
-0.18868630458896485,-0.4617627499680912,-1.0,-0.6780550049170035,-0.12106231522333685,-0.7277560364328484,0.7693189710376683
-1.0,-0.7177873046620105,0.7272397421800437,-0.6257911803387135,0.9779292036290473,0.9890280777739685,1.152265811024896
1.0,0.5947611222657201,1.0,1.0,-0.835231548610598,0.2184241556795833,1.510123628315842
1.0,0.7688021289411355,1.0,1.0,-0.3912158267910627,-0.15632805970166896,2.0888454066156
-0.3311269502053069,-0.4542002438982562,1.0,0.08748737058048645,-0.10498141093013036,-1.0,3.5588623099644163
-0.5586127350248977,0.401366729203591,0.0843345299751076,0.05026487592150519,1.0,0.33458597150583125,2.3148022772965757
-0.6241840328183048,-1.0,-0.0020574696145765348,-0.5792128950017359,-0.1010806342095917,-0.37984275236865045,0.5908220414489741
0.5588595041685263,1.0,0.07208317085349458,0.885055543628903,0.33909653668561435,-0.25354380186722014,-0.9503692502163588
-1.0,0.20369558590495196,0.02076208021376158,-1.0,-0.56751058594915,-0.36284371651905367,-1.0915091185266732
1.0,1.0,0.1939004123294379,0.07557842038813356,-0.49194628029106546,0.3067189642872943,1.3095764901985056
0.9680880020017878,0.2806692180856287,0.6597235770749372,-0.2971242812619883,-0.5207033471618517,1.0,3.956803765624402
1.0,0.17089520142420445,0.3813529028599736,1.0,-1.0,-0.006585558190090324,3.5197452523614965
1.0,0.17035250113701295,0.6102570924944515,-0.6429479521952192,0.4363246942271564,0.20467879748291057,-1.5492756301220805
-0.10040498365152706,-1.0,0.8349558378547927,1.0,1.0,1.0,1.9828027354002788
-0.11976173369038667,-0.491149422443862,-1.0,0.04119068058302122,-1.0,-0.8882489978038497,0.9436631027984552
0.16500778487292722,1.0,0.07990434479331054,1.0,1.0,1.0,2.177682540295142
-0.45137134295313586,1.0,0.9554270041434186,0.3360239250990362,0.3825617803445257,-0.6037489655723934,-1.1978442075287263
-0.09836681406650265,-0.3468950056680543,0.3961034728718493,-0.23701046639974507,-1.0,-0.37488748644836606,1.41529272198729
0.31176087802601626,-0.5987094319090916,0.04075066778377501,-0.9787852865312183,0.38977600454854433,1.0,-0.0914854143963969
0.44305743578158563,1.0,-0.017038597209166118,0.29137826945155143,-0.853921562655293,-0.7285905179435751,2.2663910874834556
-1.0,-1.0,-0.18743904196861294,-1.0,0.06079272528674029,1.0,-2.2961314055068067
-0.721681247014387,-1.0,-0.7917994344860099,-0.20791688621040305,0.8221769220594038,1.0,3.3259486569050374
-0.6909170777953086,-1.0,-1.0,-1.0,1.0,0.8207064819324308,-3.2367528591740413
-1.0,0.08664765445091505,-0.04553686193940942,-1.0,1.0,1.0,7.588368698249807
-0.5373575213393399,0.11687708885613468,0.9783983038512897,-1.0,0.3479446633713051,-1.0,1.164197345445324
-0.8120075807274995,-0.8094176344359174,0.008197986113890554,-0.9222190260787294,-0.5884977648566665,-1.0,4.255767221369419
-0.4050936828337349,0.12701459934981174,-1.0,-0.06804084140760741,-0.26828578557580096,-1.0,4.355190643634321
-0.13390945175366004,0.4254423072300731,-0.8207531345803292,-0.7212600248179231,-1.0,-1.0,-0.8100333025649022
-0.12529022556353087,-1.0,0.8401057184236677,-0.047144398446688496,0.3482677956529583,0.7042299538330647,0.434024029335893
-0.7517390307231203,0.1460378461280274,0.17062939120616583,-0.077296243003802,-0.6550599753366833,1.0,-0.06469361284035188
-0.33388829144360876,0.47991483154918035,0.6734182838405544,0.017131159663920426,-0.38804641837838777,-0.835802571329552,1.4036184183873517
0.6177096777160678,1.0,-0.5499578374720715,1.0,-1.0,-0.24987874009965783,6.406394684277776
-0.3996820314266769,-0.8520929452295993,-0.46137540252807907,-1.0,-1.0,-0.07895010482660225,1.822099175867411
0.1632763133668047,-1.0,-0.511388113935845,-0.6377166766250134,0.46652383897409533,0.7532908567382692,-0.712290234476141
-0.9460247232287895,-0.7061851428251187,-1.0,-1.0,1.0,1.0,3.1966519617971256
-0.5363337614982717,0.10474305915498718,-0.1523888619733773,-0.7851430448918642,1.0,1.0,6.9253401502056136
0.6386527803716713,-1.0,-0.4311096336055989,-1.0,-0.21898762937391839,-0.26321101032386407,1.381640842832807
1.0,-0.5562557618003576,-0.17698840632124013,0.7566194909555731,-0.3628418787533141,-1.0,6.551110073058712
1.0,0.8076788583302692,0.7442284735379054,1.0,0.8646252469916632,-0.9822387807560481,-0.8555886859184687
1.0,0.8546320955581288,9.622599164926804e-05,1.0,-0.8988444137521727,-1.0,11.024722676863943
1.0,1.0,1.0,0.35904911722806054,-1.0,-0.5142041191171989,2.0425856555849915
-0.5635746798107621,0.22552891073311182,0.9075362298149172,-0.7266240539938558,-0.42403992684339475,0.609266532178592,-2.4476034334286414
-1.0,-1.0,0.6054068844762047,-1.0,1.0,-0.12203048743115005,2.9786860244787636
0.49728696265336847,1.0,1.0,0.8930477103098176,-1.0,-0.4650795608878707,1.2224535339013787
-0.5024508101271524,1.0,-0.05836784277018653,0.9594665961073688,-0.7050669360235685,1.0,0.03293770788412076
-0.10570935221501898,-1.0,-0.6557387715621146,0.35242305307814753,-1.0,-1.0,-0.7259468596700405
-0.5989350678587742,-0.481246543221425,-1.0,0.9225360777556147,-0.2787425810426356,-0.4549869941966449,-2.065367945357262
0.8463670739587759,1.0,1.0,0.641260188474635,-1.0,-0.3361641743602334,2.0868177665847862
-0.11240808059900576,0.31577251089352015,-1.0,1.0,-1.0,-1.0,3.312859924998415
1.0,0.7516364488382818,0.5726141266371075,1.0,0.16580600533285106,0.33367871550171363,-0.8610550226151288
-0.9693452387112347,-0.6962486050657688,-0.024074962173239622,-1.0,0.15201093359702744,0.5227134292491784,-1.7309126255299805
1.0,-0.4193754843870411,1.0,1.0,0.4545912235608398,1.0,-3.7523998208812217
-0.3441852222394439,-0.10687417696588297,-0.4323143048845537,-0.6685555242518408,-0.8461384921443784,-1.0,1.0068119479572035
0.9285806650476551,0.125636435436435,-0.15194494575411277,0.7426612586547398,0.851201962972726,-0.3993575394376594,-1.3394627164200752
-0.22208804085571848,0.579876794816004,0.3490641850599672,1.0,1.0,-1.0,1.9246505874779756
1.0,1.0,1.0,1.0,1.0,-0.34377572297259934,-6.546394460550272
-0.2782348474540133,-0.052454418093729416,-1.0,0.015299063279789915,-0.9715412255301603,-0.5427337854138374,-1.0055336178417513
0.5782908120440196,0.04236597923601397,-0.6424017805867337,1.0,-1.0,-1.0,5.141787465856382
0.04549279938977713,0.7615578195796077,0.47086909343939176,0.9100236729022829,-0.6020041604982503,-1.0,3.795688479538244
-0.5229771926365188,-1.0,-0.8133691654668012,-1.0,1.0,0.4032234281057788,-3.9198192022654794
1.0,1.0,0.5738315445304323,1.0,-0.6369680030326217,-0.14920756193600165,3.290743231449049
0.16001704320824806,0.33201283075619253,0.5158935695808391,0.29025371991790494,0.10391590755971539,0.5759525959513521,-0.3624493114743499
-0.7224090069822037,0.16679604155248473,1.0,0.4357625758524755,-1.0,-1.0,-1.6590376243049185
1.0,-0.12247319560006587,0.37849731768137596,-0.13866021817481677,1.0,0.21844834239030955,-3.4533075967047724
1.0,1.0,0.24297153599940957,1.0,-0.038978433972485654,-0.10306251548975315,0.9039566084429687
0.8567169212540037,0.6482740742086617,-0.6519704274567714,-0.34653992570639697,0.15323273536166893,1.0,4.445329403218142
0.07341017755916535,0.40368797519803445,0.8063549829967755,1.0,0.21653471343499564,1.0,-0.8472321856738924
-0.816184534573403,0.2861906391928352,-1.0,-0.3400233608818706,-1.0,-0.6262516354026735,-1.9630368402885026
-0.9335978758562926,-0.5167991332067242,0.14578733465422533,0.7326423939353139,0.757252194728376,-1.0,5.0170069770259555
-0.4198622023722836,0.5049909556413319,-0.3367038031033052,-0.6668101398315049,-0.7024709045151124,-1.0,-0.4500793761460241
1.0,1.0,0.6338495139807243,1.0,0.6535683448968517,0.6030454383170951,-5.392147869057141
0.2043516298912127,0.9671233105568785,0.44789953333914134,0.6022344792474069,0.08755192078006685,-0.14530694811485512,-0.5479261987179477
0.7732024308367009,1.0,0.22431814843172404,1.0,-1.0,0.002021223836962127,3.822201429687329
0.6942541049321433,-1.0,0.6282833487024067,-0.6412739096344265,-0.4432656853291607,0.8438004364301736,3.2243534787814494
-0.7669972468313203,-0.1543212903019542,-0.8072205665020701,-0.11886365837347995,0.8137034070339515,-0.9302415433814817,3.629023202844772
-1.0,-1.0,0.08727362010993323,-0.45009744777356664,-1.0,-0.94599099150224,1.86055575729109
1.0,1.0,1.0,0.762670217754464,0.0016595545288962121,-0.5214203312895801,-0.8365850279288889
-1.0,-0.2942373358974142,-0.8041282195057198,-0.5795852079154982,-0.8664241048575867,0.14952416746365832,-1.5228383458880446
-0.22199448596161508,0.03072548150080434,0.8427836301456584,0.6456458226879431,1.0,0.5673154272179977,-0.16633761491320415
-0.5391530884478932,-1.0,-0.29077895110653723,-0.6352453386213012,0.7811621198837765,1.0,1.7128259337575475
-0.5179695732489897,-1.0,-0.06370927921061598,0.30617044381987435,0.5372095360258254,-0.6718274468728066,3.306628814711437
-1.0,-1.0,-1.0,-0.23489357779416564,0.4369727256218928,-0.40197569561763924,-2.5520528360811605
0.3209283592239518,-0.124982944221259,0.7256167924110438,-1.0,-1.0,-0.5564950530269481,3.1535576166784205
-1.0,-1.0,-0.36043985219098246,0.720384238022606,-1.0,-1.0,-1.2300757271626834
-0.3759923650883379,-1.0,-0.18841264572137728,-1.0,-0.42884503455966994,0.22403594290083756,-0.2169731662929531
-1.0,-0.0900982422873633,-1.0,-0.1630198885421974,1.0,1.0,7.88681251322916
-1.0,-1.0,0.30329299674997234,-0.07257482346319777,0.6391161623790235,-0.28270050082792453,2.8884913388824183
-0.6893469315475574,-0.3943814624975412,-1.0,-0.4728932854546034,-0.08552876160181799,-0.7692787768069946,2.6950591904530428
1.0,1.0,1.0,0.10029238506546467,1.0,0.9415999545221432,-6.186239346521942
1.0,0.275116536955218,-0.520955946691935,1.0,1.0,0.7810337154005922,-1.4487772073635123
-0.30561752242001,-0.8961266507099027,1.0,0.5959622804711235,-1.0,-1.0,2.4800613261655005
-0.3096547030809944,-0.3881490220859667,-0.24869506492330906,-1.0,-0.7488969352236752,0.4530144738513078,1.6551084209930809
-1.0,-0.26906193570004855,-1.0,-0.21443263853879468,-0.1363111451161323,1.0,5.7046295636590925
0.27958330722360847,-0.20548134291044517,0.6030598133854423,-0.29782766876827904,0.3674298269738663,0.49871067610985453,0.18757124423788296
-0.9268065362698796,0.507560904650799,-0.4755698700988755,0.2659934328093674,-0.024400706512599138,1.0,3.5968402357557014
1.0,0.15177144424581446,0.7127734046053504,1.0,0.47881196097273915,-1.0,2.0993773214199773
0.1465376324454012,-0.03524610220419011,0.35866550418626664,0.28997451676364816,1.0,1.0,3.545758335105211
0.5196690792887124,1.0,-0.891426898103661,1.0,0.7259575227097697,-0.2473868163725001,-1.0001193766758703
-0.31006393886366224,0.39076225261492126,-0.31433571335930544,1.0,0.12964868895486514,-1.0,2.110791777587653
0.09519040636102577,-0.44133374870410713,0.2806098540594222,0.16097886135399087,-0.9379494644142947,-0.831498001283288,1.846020206186275
0.09001125251762776,-0.28444054916584294,-0.112424958486004,0.8701906294429622,0.6224317236341437,0.733031269130304,1.224467074600125
-0.18960669934307006,-0.3755773273274947,-0.6680107968092053,0.5865487239649523,-0.07747961011002713,1.0,3.9321204391284854
-0.3572906514993423,0.06065634722346422,1.0,1.0,1.0,0.5315036053050682,-0.9932747056337308
0.32603506642678076,-0.8212580552611133,-0.12686969174613627,0.7000356818047778,-0.2544701415869891,0.3395821927221525,0.6959057335971222
0.9048061519462012,1.0,1.0,0.9037186505648782,0.5651457784419854,0.7103883717034333,-7.5747972440926645
-0.16170678747932477,0.9138539122195497,0.06292603291516641,1.0,0.6677849594346537,-0.8930582934373347,1.4851213411983444
1.0,1.0,0.9162830038761057,-0.5947204503538394,0.9064353641352638,1.0,-2.1358173752024934
-0.12710269798789603,0.12062327707812681,-1.0,-0.035717354451726024,0.40570639289109584,0.22759182767711983,0.005371991373332885
0.2935673382429007,0.5782846018770191,-0.4193181588971997,-0.36164329795298755,0.967964512344567,0.40726241622311987,1.7850974148159957
-0.08530969588291215,-1.0,-1.0,0.42343374209350704,0.7350748828997016,-0.44901358327610497,-2.25215477239919
0.18768068578726593,0.9388684469851953,0.6300299671883562,1.0,-0.5672835007384501,-0.47614928967667014,1.5440835653485334
1.0,-0.9786444494751583,0.0076959444159286905,-0.5469810329335008,-0.11480638027920054,-1.0,7.862987961568811
0.9864671699528782,1.0,-0.40144137988070966,0.4458611074618631,0.6744718635559321,-0.9685960683097266,1.0275270725704084
-0.24587592997158036,-0.13906284764063087,0.15930371850234887,0.3564504219061376,0.19100622695194636,1.0,1.5522333076599277
0.07682145809377983,1.0,0.1935626895635547,0.9142526933120372,-1.0,0.5829742488383542,1.2013998330882205
0.4041340204107634,-0.424080395612424,-0.0345705135031793,0.25773893747575205,-1.0,-0.10274349961005558,1.0401312326382188
0.015020382555252842,1.0,-0.0463038480550067,0.22821444514402667,-0.6293118611968962,0.23737229640521607,0.24234412683049783
0.8220937105435224,0.0890387611691319,1.0,0.16005097928656242,0.4505021463325096,0.2564160495950254,-2.1293972624274096
0.5712886205810348,-0.2387981610966879,-0.6624033583385893,0.36654975276543567,1.0,0.41406363804299895,-1.5421606719409706
-0.9843333795089806,-0.858902372516777,-0.04367352262154656,0.40775319241066565,-0.21395284325827046,-1.0,3.191277210265903
0.11381054424258519,1.0,0.7756977327706329,0.7673048167490772,0.6357846734270738,0.42686648052404075,-4.689892853777584
-0.2953712116363467,-1.0,-0.377767811428144,-0.9510842055373974,-0.17761197777859566,-0.9541189670163377,2.7874640187531563
0.34061935691762757,0.7596820439794731,0.9517866929432592,0.8634475067391315,-0.48093553581746806,-1.0,2.508953559541466
0.991558589777388,0.5190954089771227,-0.06750850701666433,1.0,-0.07765822917752963,-0.6777031089271286,2.880391973928316
1.0,1.0,0.22540607953410396,1.0,0.8206040104623462,0.44808148738505316,-3.8173267295464597
-0.7661017771815712,-0.7004804161765633,-0.5827907989331498,-0.38067779523569456,-0.3025364433534259,-0.4825650133991638,-0.5667244093973283
1.0,0.41865881899611246,0.15004156947760738,-1.0,0.19475977092201913,0.26550086455912947,-0.6620988222163193
-0.4626830373610975,0.21616202850239707,0.8611971572388348,0.023648293870180637,-1.0,0.45033090981909496,-2.003712156590344
1.0,1.0,0.6912335968500661,-0.25158821388237496,0.910084334402085,-0.6485564883812315,-3.7799443095493466
-0.9141221921850667,-1.0,-0.3109707972168877,0.7051842363763671,1.0,0.5672094070257379,0.6738429566459543
-0.6070368045691095,0.5939466755731401,0.6142043668251939,0.2504276847484791,-1.0,-1.0,-0.5991461565922047
0.12502581431952686,-0.7288392048835532,-0.5141714836862944,0.6234280771716068,0.28681521300693125,0.9062524896878689,2.9317106451003085
-0.2878011225305751,0.6610553565817665,-0.6099087350825423,1.0,0.9395578739411345,0.6756261037023503,3.008478820353107
-1.0,-1.0,-1.0,-1.0,-0.19992955496252585,0.023075907382990146,-6.817532197915199
0.40417560908741507,0.9569190929711631,-0.5878204568204057,0.27215016204814263,-1.0,-0.3596783948438771,2.5179676491807035
-0.1580347527940889,-0.16581855496236136,0.39754749865510275,0.8666756300216676,0.6917143976309132,1.0,3.678129168901696
-0.5336281607779749,-1.0,-0.6392215799647796,0.29471014500357584,0.38936745846946647,-0.4131463599556187,-0.7838521366273308
-1.0,0.48959369685039156,0.3218457524124249,0.37612632743863117,1.0,-0.28521134577989576,3.098811206031895
-0.22324051207202347,-0.5490431524638785,0.921503702232094,0.4308804662927299,-0.8576927335064712,-0.5139941574569441,0.4674841281720147
-0.5289903451366774,0.894585344274201,-0.1107651184828625,-0.028365459966789963,-0.3255758429986424,-0.0649430879981372,-0.6329579877061446
0.7223412907526721,-0.163390688635822,0.23187527297776966,1.0,0.5184398219362137,-0.1077985455140536,-1.0502621301382948
0.4494862302862833,-0.16523496659199027,-1.0,0.30869678085539987,-0.0911174407218065,-0.2462263119612892,-1.438155548951657
0.005443307732315716,0.038329962389546196,0.35819120103744306,-0.14468248215034432,1.0,0.965170622607319,2.887985102432825
-0.5667531475079217,0.8302222831341534,0.8494218501790403,0.46142398309160093,-1.0,-0.3283424541323743,-2.0839622430493248
-0.3115464172299374,0.9184614719578621,-0.006319994068960978,0.9611120279133881,-0.48566082157114343,0.6049384969060623,0.2652209715737543
1.0,1.0,1.0,1.0,1.0,0.038886984291675364,-7.893323646033757
-0.409407253130624,-0.36498783598850926,-1.0,-1.0,-0.8889804230759936,0.14082187497449533,-0.28645318601850395
0.5758967058803861,0.23056472715476461,0.765698046685723,-0.7942261382988458,0.03162096812121318,1.0,-0.23271547338090115
-0.2276846494199709,-0.04097466493038443,0.992482420584552,0.12516538968117175,1.0,0.2141359482804065,-1.476162832633196
1.0,1.0,1.0,1.0,0.0967264138608292,0.7221196362510112,-5.176629693355476
0.5243891009890925,-0.6276881773940173,1.0,-0.9696221701134113,1.0,0.6540917640761514,-4.393585221688175
-1.0,-0.5905695534172168,-1.0,-1.0,-0.3307132169344932,0.9266979639786483,0.6664774353218949
-0.2013006689908578,-0.8652210489815645,-1.0,-0.1236740631384524,-0.35345344319207456,-1.0,3.078218214288354
-0.8674338927827825,-0.1729372097650066,-0.303950483653016,-0.14684672605455984,0.11022255622546634,-0.20978341636714617,-0.07022585424524858
1.0,0.7168261134710855,0.22676723435561214,-0.4414327676816681,0.94510754357425,0.6295250309404223,-1.1022209909517033
-0.17716905046204062,0.35789182091264893,-0.6113548760769608,1.0,0.19021017230186754,0.8236574462274528,2.6665044222612817
0.12199483329916312,1.0,-0.525533842404504,0.4359309329048855,1.0,-0.7295446914994146,2.2973616257182243
-1.0,-0.32700400935121743,-0.3601273675925767,-1.0,0.5584121842782197,-1.0,6.702760464540691
0.15284192138330677,0.7112793208190241,-1.0,0.4579009453902777,1.0,1.0,7.927267345940465
-0.5372799347408586,-0.71202334162076,-0.11855396930453166,-1.0,-0.2206247539417558,0.43981172061873647,-0.9833374415373555
-0.18108622886438774,-0.6662376369689531,1.0,0.79792234892813,-1.0,-1.0,0.5197071679475297
-0.11046104782603583,-1.0,-0.9094245945685788,-0.14837093627397435,0.3282278010598201,-0.17780533478194183,-2.8180163371211804
0.6196815152626296,0.09591986906069139,0.02926293658953181,-0.20050976185525327,0.7368200717004167,-0.4922489862043618,-1.0824631188131586
-1.0,-0.7733539712905804,-0.38770665034067453,-1.0,0.9011065455691138,1.0,2.629227768973
1.0,-0.32622892180406116,-0.9856259233335868,0.5446039218797477,-0.18175355419084316,1.0,5.465743208510531
0.47608156773804927,0.8530720392303579,0.6143645665190582,1.0,0.06427584533786795,-0.7579920165897008,1.1977615532639236
0.24903734043063483,-0.9804318022091791,-0.7167737409058634,-0.4193290121103932,-0.7038084097685955,-1.0,3.23468217969679
0.7345614975646715,0.7430200407588496,1.0,0.5597004190202974,-0.2290384533684603,-0.3869638485212732,1.0724565092197569
0.2016416574773211,-0.08859687000824026,-0.07246497441414079,0.35162284662226606,0.9345787858011779,0.10571370936984081,-0.8339686570364178
0.9601495911519466,0.6166296165264904,1.0,0.35747651898628363,1.0,-0.20226316163917457,-3.4217530545404227
0.28389589767175993,-1.0,0.4164552968990772,0.24064201482234093,0.397137348515869,-0.24282661052376944,0.7372680347553221
1.0,0.7284749733140784,1.0,1.0,-1.0,-0.7391690806648203,7.349616070169908
-0.5760661780362722,0.6903138562630944,-0.31494364452208023,0.5358861497939549,0.8099204125156976,-0.6537686903245725,1.315905189706499
-0.7467674535562601,-1.0,-0.4651848532812754,-1.0,0.1273570970475421,-0.40867307916756307,-1.1071114685272712
0.8864579373427159,0.3345086685264602,1.0,1.0,0.4869144743520317,0.8593951192424856,-5.649265828816332
-0.5212598816462259,-1.0,-0.862881878922706,-0.5412332951754066,1.0,-0.9474444474841013,2.7730996494275892
0.07826424951753341,-0.21983428499729524,0.30886666457161843,-0.8445280522862231,-1.0,-0.5743033590430673,2.562698350499646
-1.0,-0.04234444493159528,-1.0,-0.6155767868741481,-0.3818053926472693,-0.5409293850414568,-0.47381590196015333
0.13982312781791245,-1.0,0.35408553780125696,-0.8534618390690238,1.0,-0.16879362894217737,2.229657445080205
-0.4757228327357701,0.6773470462740206,0.3751462441083765,-0.45581280288104575,1.0,0.9681497067225212,4.850652184597056
-0.3582102654161827,0.637923795143739,-0.07689408587940372,0.8750472358445476,0.22198167897009963,-0.25770694956917056,0.7145847608730115
-0.3399900185645309,-0.4395089751501559,-0.6807477147226445,-0.42545291597860097,1.0,0.19951347445481704,-0.420506435792441
1.0,-0.8118567611281415,-0.38040006808211596,0.05568349762565067,0.1414596630189155,-0.16952124901590837,-0.3104676796498469
-0.9310620781318655,0.3892191449619672,-0.4476209120114809,1.0,0.25804454668738475,-1.0,2.6991591676885403
-0.42929238955879034,0.5144005500105409,-0.5536666628704108,-0.5961788385075878,0.9855657382232952,0.13829850172932528,2.027182283646751
-0.945351445165798,-0.06203016703556208,-1.0,-1.0,0.10860347783711333,0.1888855328264648,-2.64124446876971
-0.13650250004192768,1.0,0.17586022046662605,0.028104522012964872,0.3277220157319536,0.5587373208140903,1.637658848463438
0.3943305494130283,1.0,0.22015510116951184,-1.0,0.9354166746886993,-0.5708188745935219,-2.190145278058009
-0.5955925914539335,-0.1306754966066211,0.8445166866198726,-0.8699757748926057,-0.20574219959798934,0.3376096429648935,-0.916746780619971
-1.0,-1.0,-0.11498578341546613,0.41774094725152733,-0.7339210236328085,0.3841756776516488,-2.6621607999351293
-1.0,-1.0,-1.0,-0.20194061607920677,0.06382309686761714,-0.4925957009758335,-2.680116317508244
0.09979248824222686,1.0,0.4387080080479236,0.03521864080654491,0.5805337526089096,0.8386354342938325,0.7772522781426474
1.0,0.8581442767067942,-0.3273600012524177,0.44022826292538997,0.5493444282869356,0.48040100257313234,-0.5836503146672396
-0.6396381305643695,-1.0,-0.282281633011013,-1.0,-0.06146105237850441,-1.0,4.292769070381653
1.0,0.6909553828038912,-0.6553404363445179,0.40443857384780735,-0.4990463485278114,-1.0,5.10250147982807
0.15678502700465988,0.7203917647104976,1.0,-0.012302748754476012,-0.14003246124997992,-0.7176360345907202,1.07525169003778
-1.0,-1.0,-0.5838139385936988,-0.6944344729309178,-0.5140154986635821,0.540773188652369,-3.3474085047365465
-0.4635147953502383,-0.44398819935594874,-1.0,-0.4778487636108342,-0.4899191552497366,0.4108712196711758,0.04976449591803289
1.0,0.004334808316641736,1.0,0.10443007382420899,0.5657792419650725,0.252350481672374,-2.5101058813689927
-0.3764375543624383,0.8045367188578572,-0.044893811450803345,0.25379609146959003,0.2506569582942402,0.8831394783104192,3.0824241575747604
-0.6323645333673404,-0.8333737720778811,-0.07525725182821374,-0.4120651151485298,-0.5329064525823559,0.28565074058956896,-0.6865461678545478
-0.1774778454329844,-0.5036897799461539,-1.0,-1.0,1.0,-0.004257380659713039,-1.5114251319138938
1.0,0.7762000431129625,0.5575156506309182,0.3122345181004421,1.0,0.937691402763271,-2.718705546972175
0.3827089186452869,-0.6723242486472223,-0.20631893911004573,-0.04663763333949511,0.25455794071251747,0.6108724790226423,-0.0677757531165625
-0.8463911278419936,0.6427911054300881,-1.0,-0.7067507397202772,1.0,0.34756164734018036,2.629537659117682
0.8197152416873705,0.3155127692730154,-0.6337763950011001,0.2164388337662747,-1.0,-1.0,4.852841434130342
1.0,1.0,0.408513683673686,0.47070957808889125,-0.8294303804452301,-0.27923877760641025,2.6377317698179783
-0.5044744316789935,-0.582153553219116,-1.0,-1.0,-0.5352884555197321,-0.07078624968018543,-2.3571939188434965
-1.0,-1.0,-0.43867806266615506,-1.0,0.7062197881604577,1.0,-1.8028096777250038
-0.8678423996528053,0.15854518368423587,1.0,0.7919622537159592,-1.0,-0.30488139488638233,-1.2370423795476568
1.0,1.0,1.0,0.41301381349308186,0.5412668021271555,0.6824377397037297,-5.504391302977461
-1.0,-1.0,-1.0,-0.027543684749897185,0.811490812203896,1.0,4.380095538841221
0.4995371612742374,1.0,-0.24352777359812075,-0.2814317577742086,0.22612764443606118,-0.9518698777233625,1.2386971257551804
1.0,0.805499844929412,0.35747719161705377,1.0,1.0,1.0,-1.4369690093260472
-0.22297155386668804,-0.282077867126707,-0.09750929397987679,-0.42910232156712774,0.4539312984645716,0.28082155090906014,1.1401341174028925
-0.6308294386958861,-0.19558629521309734,0.3512925987601878,-1.0,1.0,0.4617189095527565,2.978754533710948
1.0,0.7619877943392999,0.643396051246514,1.0,-0.8824386332668787,-1.0,9.941391301818616
1.0,1.0,0.249575082293505,1.0,0.4488207717880912,-0.7455439345598582,0.9832150213146567
0.3023769273608181,1.0,1.0,0.9047489050923181,-0.8964845554805528,-0.9657098443916642,2.086142994824541
1.0,-0.1025657175685688,1.0,1.0,0.3877584471210381,0.7121822725778959,-3.6831091728914345
0.9442069355770912,0.1907733447970874,0.23682307766075372,1.0,0.43685462602659186,0.733500296317716,-1.1026587589304548
0.8412725167962999,-0.6551323290737205,-0.23653533757740586,1.0,-0.25280641493844724,0.14623029756606437,0.49660457109546763
-0.48923324742481533,-0.33851623676299447,1.0,-0.4583876499479808,0.8460637503312487,0.1785872353656115,-0.41491899529027165
1.0,0.5905884606428456,0.2509739591452569,1.0,0.9177678089572896,1.0,0.4040433745560649
1.0,1.0,1.0,1.0,0.0766182099839995,-0.37836603013186465,-1.604254228904548
-0.4504611538902581,-1.0,-1.0,-0.10240197485880431,0.48839112346322433,1.0,3.158318118144044
-0.32079979156136473,-0.22808839487774646,-1.0,-1.0,-0.42328164443336946,0.16777555280311574,-1.4284407721046541
-0.17127359748180493,0.06634653888257372,0.5171293609300088,-0.01726406711336398,0.08415752345879146,1.0,2.0227250687973273
-0.9932338891572683,-1.0,0.7004954509194568,-0.5277354198338524,-0.8350176170751732,0.3597535019941145,-1.211649735621197
1.0,1.0,0.7003185966285597,1.0,-0.5457729384460344,1.0,1.9824625763563806
0.14999542427810608,1.0,1.0,1.0,-0.66022712067277,-0.29203544847629287,-0.6393729544443396
0.604812593582321,1.0,1.0,0.9527086367173305,-0.472236026857831,-0.15777636158129194,-0.9874358422835089
-0.8295129840932765,-1.0,0.08670742190034773,0.6849222326897497,-0.2222324166015886,0.551386396436385,-0.2259146042775953
-0.5346296246316311,-1.0,-1.0,-1.0,-0.367160139166156,-0.37005759444758857,-3.339671625807
-0.9517303923709965,-1.0,-1.0,-0.5302877607599943,-1.0,-0.07315906891632862,-5.022343329783098
0.3469139640897718,0.5234357505439187,1.0,0.042353952762749,-0.0008902458356900844,-0.5607606603906755,1.2285767343803986
-0.9046757332787851,-0.8956712835621826,-1.0,-1.0,-0.9024517729950313,-0.47226485292804044,-0.34134276681287423
-0.015394994577841103,-1.0,-0.3037617201130287,-1.0,1.0,0.47977314295508994,-0.9409658499196368
-0.36892928235151745,-1.0,-1.0,-0.7726763210944221,-0.4510292907032477,-0.06454381611032844,-3.0803885197473715
-0.41011516128801107,0.3205613086796415,1.0,0.4431817474925446,-0.8920335271671599,-0.12676009352367623,-1.332969977073325
-1.0,-1.0,-1.0,0.2791253344077702,-0.27206283185785834,-0.48671925860258985,-3.6924242568051677
0.10135997863786872,0.46352830677401835,1.0,1.0,0.6567182967168201,0.3914565313919242,-3.7316603282931657
-0.3352806267870545,-1.0,-1.0,-0.5426343280601424,-1.0,-0.046542093239988924,-1.6335982007802543
-0.7866578999218311,0.22244536018295186,0.39800451299304973,-1.0,-0.8540098572351014,1.0,1.8892028525586317
-0.6900136426749169,-1.0,0.138630904691752,-0.6092486952414109,0.8556552664427394,0.5232751068390817,0.30670652864029324
0.23518326341035356,0.3844402846194463,-1.0,1.0,0.07792308792882474,-1.0,2.8219015179530085
-0.7577046561177667,-0.5303147671178268,-0.612569405685055,-0.2174680863359595,0.6255020395350523,0.5150983833091324,0.30787806412807206
1.0,-0.7299765544462059,0.9737576900067169,0.11530706812983421,-0.29316979479323757,-1.0,7.019591074120494
-0.023015380818635717,0.07975951076051496,0.994798576412846,0.589302584874591,1.0,1.0,-1.3336905282273799
-0.22524952064454506,-1.0,-0.3711432995343434,-0.2961540331622907,0.22072008035550494,0.4317542487004727,-1.7843446172763064
0.3859671854391189,1.0,0.764982701594048,0.37194287171206253,0.08536800572143033,-0.25999105659415167,-2.0952894324212603
1.0,1.0,0.36481798939713367,0.8426328366457542,-1.0,-0.7125875747488266,6.705525606793038
-0.5576739574364212,-0.7340867680663483,-0.5406182655771088,-0.9225443333683765,-1.0,-0.7889442342560083,3.9684634856100263
0.14411189751276565,0.4341746085205466,-0.0048926067887470615,1.0,-0.7198949240758534,-0.20210278703832918,1.7088440508773153
-0.7430043464334684,-1.0,-0.5591541406673441,-1.0,0.34865926495387656,-0.12682578116793802,-2.467220259498782
-0.49106743042623124,0.6796383425094856,1.0,0.21288571981816182,-1.0,-0.30736043307196925,-2.1077436361060435
0.10684220365654927,-0.18148029151346073,0.32014782613370113,-0.7445311384587556,-0.10059685173681543,-1.0,3.1800549030701695
0.4947651628642769,0.6899433046264053,-0.8050112238307969,0.5463037740189566,0.31544558119130106,0.21246783093242416,0.6213755283420874
-0.5109372623201596,-1.0,-0.6712134032276424,-0.4683146337295375,-0.873911453007234,-1.0,1.4181228640826187
0.18970316401572573,-0.6994012021565934,-0.35729418206926117,-0.9805789391136639,-1.0,-1.0,6.3577901554125935
0.8392587768349039,0.2330577373875915,1.0,1.0,-1.0,0.12043645129275224,1.9358886957128059
0.5817431125660824,-0.2353184853919152,1.0,-0.40315653860220624,0.13113392417249609,-0.30429605799774684,1.4613223087712526
-0.7109423637784604,0.2111324461857394,0.06190928104598009,0.7770111789242435,0.1852314701506128,0.067730351585636,0.32248203446919266
0.9782246123755609,-0.3617910712028504,-0.15043882556937593,0.9999755656103674,0.04683976614953017,1.0,2.502924436015098
-1.0,-0.9370231433206224,-0.42948681218730766,-0.6974758145297026,0.7518136621417286,1.0,0.9066506676993858
0.05535091680792137,1.0,0.7469609855443218,1.0,0.10227462042007629,-0.40850173593837547,-2.114168511414434
0.8662317187893865,-0.6139076259507616,-0.4002292584481077,0.6182918749316787,0.632098444711118,-0.389467399480836,-1.8010838803112739
-0.004442837813689454,-0.34848643046655964,-0.5163994062980153,-0.40419252440467657,-0.7403838361995401,0.15962760091353473,-0.652528094484008
-1.0,-0.7090444987353276,-0.7273074494935486,-0.12481669778328003,-0.7281018607943492,0.7045547308667055,-1.0547326848363798
1.0,1.0,1.0,0.8602643125984604,-1.0,-0.2963826537785099,4.468132921066769
0.1103777323291413,1.0,-0.6935337502374314,-0.7392832134838282,-0.3097775989966424,0.36379097966499707,3.6298926377214324
0.2946998317325057,1.0,0.4348771232231798,-0.0685782142773054,-0.029079390715206266,-0.7815074533214728,0.46436787045671213
-0.4940769845763887,-0.10221046349878438,-1.0,-0.9179666331671976,-0.26711406193903453,-1.0,3.0985717514303626
1.0,0.6849306790159875,0.5925613059551234,1.0,-0.6341969699183796,0.9345885452959699,3.1515679947778326
1.0,0.8086546673249373,0.05462213757748058,-0.31952485503150496,0.3515549216264412,0.14365857772530877,0.21870597559654592
1.0,-0.48707091802926156,0.6016230949162704,1.0,-0.02976697746787005,0.2143684727888845,0.5804894000647529
-1.0,-1.0,-0.3225158222086906,-1.0,-1.0,-0.6032744069574638,2.507190819877801
1.0,-0.17759660650139553,0.4715995254513773,0.7189136224619702,-1.0,-0.05679644278327278,4.318384742098651
-0.9324568183658595,-0.5356792470195477,-1.0,-1.0,-1.0,-1.0,2.893496180956735
-0.7387480942292688,-0.4404474731118605,0.6825580606943021,-0.06596268543500469,1.0,1.0,1.749316929106189
0.3634898743294457,1.0,0.10002589955074881,0.7712128984691731,-0.06799888147374586,-0.732857580525625,1.703244399079531
-1.0,-1.0,-0.9227924868194821,-1.0,1.0,1.0,-0.8358725058650345
-0.539945121311509,-1.0,-0.23594738208764326,1.0,-0.06610199113098586,0.2210342582602861,-1.561875730535034
-0.3920997046620847,-1.0,-0.7360139198060295,-0.5105617112590103,-0.35424711663989406,0.02509470326189489,-2.882650122217093
0.49411548099031655,1.0,0.8918396452612884,1.0,-0.1140312956141375,0.28133529217424835,-2.9946017760383525
0.22190554475263968,0.6876671009543732,0.6647614572806854,1.0,-0.24198715688353833,-1.0,3.481859071548925
0.7851319623745472,0.6662741951162366,0.06256036575069557,1.0,0.6950191745133278,-0.32180476749094644,0.482777744810155
-1.0,-1.0,0.21743415713258252,-1.0,0.509939047318781,0.1709751942933868,-0.3171881261711851
1.0,0.36105532131704493,1.0,0.2650685536083024,-0.02311968746756373,-1.0,3.852234006920053
0.6820674037907763,1.0,0.5483601740248965,-0.8445261702790634,-1.0,-0.3574918953929005,3.7301350696241653
0.869146867352444,0.17992230905941875,-1.0,-0.05325853255474744,-0.44338343207846975,-0.23228423396393327,1.2288410915589627
-1.0,1.0,-1.0,-0.1414860644497955,0.46629328759739114,-0.0060038824393291446,3.975428842820522
-1.0,-0.9020011154905073,-0.3743896275442853,-0.7594685022918712,0.545223978983067,-0.7517487534824552,4.277124114765934
-0.35679582410591804,-0.3065901457985458,1.0,1.0,1.0,0.7706634237400163,-0.7388268651768496
-0.8465039936588165,0.5580392709890173,-0.8841583944118998,-0.8584679620329635,0.8355819771587566,0.28860026849754694,1.5774587879741917
-1.0,-1.0,-0.6657174206835845,-0.49372156444378607,-1.0,-0.05409238425353635,-3.0372325233846724
-1.0,-0.4692897906941894,-0.9235213700700379,-0.38032504056081406,0.21019478502397332,0.049394005483687,-1.156776095779304
-0.16078794185336742,-0.6159870959663698,-0.9540973846547969,-0.39634094030872635,-0.7188711650424213,-0.5909400472924822,0.8668575530679807
0.6473432985758811,0.10937322721815754,0.29111823381263835,-0.6217853510445865,-0.8088847446462156,-0.035428817128352996,1.5020900743130903
0.5541816613921922,1.0,0.9837888417535119,1.0,0.2960364971259267,0.943187712865861,-5.611804038556821
0.9255347190398014,0.3611312128666127,0.2132736108569222,0.83165636717817,-0.33134301981736947,-0.4394231061532041,1.553672388053411
0.09293413079912638,1.0,0.7878827865476813,0.3085276481457686,1.0,0.3533668403473682,-1.5515238372475957
1.0,0.18853240603344412,0.13833572375871528,1.0,-1.0,-1.0,8.765124284942695
0.00985359535045166,0.7649904627131645,-0.0025013536606571796,1.0,0.07335691964748078,-0.5600888897486421,0.42565363530951184
1.0,-0.15022575428872603,1.0,0.9317357886904107,-0.5721350186366689,-0.7121075747819331,4.753549884737642
1.0,1.0,0.5185035225686269,-0.1757140510520787,0.7434832298682772,0.47029802551565225,-1.8188140337276184
0.8467797157709164,1.0,0.34707726583292936,-0.13190889912901754,0.7196036579285496,1.0,1.9020514971482698
0.3055431335965695,0.7965308573249397,0.245892447740772,1.0,0.3015870437419508,0.7999377363665727,0.5650734896926617
-1.0,-0.4197425831875419,-1.0,-0.45842975358032745,0.5056660234039211,-0.093068345486026,-1.4432465446822142
1.0,1.0,0.5827947707766148,0.026097829164701464,-0.6044728518490199,-1.0,4.826438071321836
-0.31664758806194115,0.19718100642780412,0.10776146057110081,-0.11499601301340445,-1.0,-1.0,-0.5473761092283509
1.0,0.8709618166223569,0.3932793773158023,0.25806751713685494,0.10696132380003243,0.6283284436254621,-0.8972949078395434
0.07561041084010989,-0.4059487150665425,0.9434115409169821,1.0,0.06463996260440297,1.0,-1.251330763788828
0.6728365675337804,0.3428567252193962,1.0,0.3557264918865094,0.6603084505766734,0.20835072029794088,-2.347398294027876
-0.6195211343503608,-1.0,-0.2718758945819907,-0.35853269842041946,0.624701722893821,0.44893561913947916,0.8331725570971366
1.0,-0.20575632027542268,0.9386945031729317,1.0,-0.4295234595097601,-0.21618379855724545,1.5368989533333937
1.0,1.0,-0.5851214068163282,0.26005193265862936,-0.33054110792862734,-0.3284958446587434,2.784867914844255
-1.0,-0.5083537839267311,-0.9982101079365695,-1.0,0.7744659196640846,-1.0,5.565983244376637
1.0,1.0,1.0,1.0,1.0,1.0,-9.885761761460492
0.7542423421842488,0.04871158765959105,0.12919756772031343,1.0,0.16594218750945755,0.26875033961715056,-0.5748095892731345
0.5775909571042042,-0.42295902551253195,-0.150906468054411,0.019703434190003755,-0.8990043044437471,0.8561875997852243,4.103209058732983
0.7736441289362469,1.0,0.32766129256504223,0.019807792775029476,-0.40395836747631875,0.6332938771666357,1.4517482362151282
-0.3665911650587064,-1.0,-1.0,0.23462957474398527,-0.06402778961166089,-0.01899856009143619,-2.2110765966552735
-0.15342024846217472,-1.0,0.509206613020128,-1.0,-1.0,-0.668722287405362,8.304327429196281
0.9692785363686778,-0.4371727898886114,0.4623731846565899,0.45533125853847145,-1.0,0.06963434593914175,4.925176109403469
-1.0,-0.35462459573190297,-0.9805068305257065,-1.0,0.8138421836677597,0.30305485434446,-2.1041237703588096
1.0,0.7714402085824141,1.0,0.2672808352667655,-1.0,-0.7834138767012289,5.144508290666651
-0.4292252921608455,-0.5761942901498215,-1.0,1.0,-0.17388567857750492,-1.0,1.5780043810967934
0.6269946083949673,-0.014745984279907642,-0.6456202652588694,0.04156291326588646,0.6750974925942228,0.23220637397218669,-1.748693526454172
-0.4013016624888123,-0.08885293910678717,-0.15164097993014192,1.0,0.40800212907425815,0.535708485088749,0.3714752696976401
-0.9685387044762875,1.0,0.79310036819386,-1.0,0.12481983023774279,-0.8015417916120231,-4.948340921000697
-0.5911083271085994,-0.4064496383572741,-1.0,-0.7700817733581786,-1.0,-1.0,2.1823909759299385
-0.8301164474236379,-0.061206670860532275,0.5807174250441439,-0.3419005273820098,-0.545299177057561,-1.0,1.7038497403956763
-0.5284766379898367,1.0,0.07819821524868487,0.7561645353027059,0.03855924527619514,0.4594973919159564,-0.09359466934993999
0.8180950258392377,1.0,1.0,-0.9077544733808735,1.0,0.893494868944767,-1.1640137033063687
0.07874727247297275,1.0,0.26022150711385184,0.6844379254059492,-0.5167507513389573,0.7713771397571513,0.7750477980789271
-0.23120482724388444,-1.0,1.0,0.1654983301947044,0.5911492394747262,1.0,0.7611894658423907
-1.0,-0.13866754509284718,-0.23819445796713928,-0.6127382560083725,-1.0,-1.0,-0.37145717594333305
-0.3551283567055977,-0.29562895753497553,0.788779420605346,-0.31414016060316535,-1.0,0.45236042562275824,-1.8530202496892212
0.34238686179789257,-0.12794911130569914,-0.354235009002136,-0.23929669480925808,0.24561865348001485,0.18085149275495227,0.8343413963127877
1.0,1.0,0.1423972722544305,0.19843548154784607,-0.7642901822749537,-0.7484613672294307,4.409389906521009
0.41241291250378576,0.4309629770715836,-1.0,0.6826900799104667,-1.0,-0.1758510006612768,1.1429548397657712
0.08695846432591371,-0.36064064152277453,1.0,0.14805954608714128,-0.8568070958520588,-0.6328811763640385,1.3527227238584647
-0.5509564492386734,0.058301716957443295,-0.07630646785610967,0.2381063908380907,1.0,-0.14597417218264475,0.8608369413527349
-0.4668414041463017,0.8203793636454486,0.2610377059172966,1.0,-0.7589612255225064,-0.5293937597006952,0.6888034487980303
0.2375955723749817,0.7748905462770054,-0.7618317164761585,-0.023099623483816112,-0.8064010844262054,0.11792979353069832,1.2918739581615726
-1.0,-1.0,-0.5785093250391262,-1.0,-0.5084320826880327,-1.0,3.615832860020674
0.31661463377824495,-1.0,1.0,1.0,-0.8035580098416177,-1.0,5.882101480929683
0.9954463654275092,0.877713860113102,0.6218390913841316,0.2220670578371433,0.39891222134780757,-0.37856817658154907,-1.7156522669838208
-0.7217183711805005,0.15464629578863232,1.0,0.10639229579679843,0.03104799082865084,0.07836304866987498,-1.3193264907034252
-1.0,-1.0,0.006185447173553293,-0.1306314488078162,-0.8901397300728038,-0.7949212661019063,0.5544053545878904
0.42482747899625445,-1.0,-0.6439210441101486,0.037075031030931904,0.7643751800882252,1.0,0.8878302956084677
-1.0,-1.0,-1.0,-1.0,-0.717307906219677,-1.0,4.085413985183888
0.5430843662491585,-1.0,0.16438149520754508,-0.136567930088072,-1.0,0.8769700375052976,4.59782604703472
-0.0796315913642417,-1.0,0.258405820202656,-0.5275523829148665,-0.4992956637046635,0.19524140329732126,0.31353279461729244
0.20449837263120033,1.0,0.023187194579618604,-0.35946557138850455,0.8485050963143228,1.0,5.089833798630634
0.8238346752307448,0.7682339643137137,0.37724573553602103,-1.0,-0.10440138092303008,0.0018439647366008116,0.29676496478181374
1.0,1.0,1.0,1.0,1.0,0.5470242343764875,-9.31474481931073
-1.0,-0.3744906326969262,-0.7586785364260835,-1.0,-0.4091712607324087,0.035442428753768004,-2.196503649656411
0.19970460226661632,0.1528731147450421,-0.06814463969821538,0.5033329080185858,0.15199635083316204,-0.09208149483949168,-0.4292112870044189
-1.0,0.1341090434694477,-0.1030758419474922,-1.0,-1.0,-0.1881981566749411,-0.47736581369198605
-0.15112299878561158,0.40749213592904554,1.0,0.9213872200746911,-1.0,-0.327367574374401,0.024718776353457095
0.32761262326026624,1.0,-0.5125389746814348,-0.46534956131664384,0.5035987986432208,-0.15259744559277943,0.6833998793051839
-0.732968981787917,1.0,-0.5994075843883455,1.0,-1.0,-0.993874430684477,4.163906762496691
0.0789689602507404,-0.17860911111758415,-0.6802745421117775,-0.6973061740912534,0.8018151148241376,-1.0,2.06662289279928
-0.4120259304998792,0.45383742701717,1.0,0.973637668036206,-0.12334691662550434,0.332408600681936,-1.695487967177277
-0.7765258526172756,-0.8980270344138223,-0.2987222496716915,-0.6373348311624316,0.3715469893047081,1.0,0.23465162041408147
-0.45935656728111685,-0.22362833656905767,-1.0,-0.015245868175524313,1.0,-0.28897568275729985,-0.6054597118165465
-0.2918154368218028,-0.8702773225240406,-0.3037439148201717,0.5721799782873416,1.0,0.0909682031220514,-0.24356516427864577
0.7959387840632093,1.0,1.0,0.1868747341507051,1.0,-0.6499930337016324,-4.085564785883845
-1.0,-0.7852863824244801,-0.10724456823359846,-0.2020503665939833,0.2043337601739189,-0.07309485826711398,0.1593490789050997
-1.0,0.22505649062445618,-0.854368200581558,-1.0,-1.0,-0.3198322095600048,-3.528408654559584
1.0,0.3121695179837707,0.9677971464739655,0.8724842645979403,-0.3395121215414659,0.8781184577040717,-0.44601967868034437
0.1914811915359047,0.6768344246289041,-0.6123351272777466,-1.0,-0.1286904786563408,-0.11368060809096425,0.37887911640124217
-0.4008185508146987,-0.1485746558012509,-1.0,0.3227148721345651,0.7731488408241314,-1.0,2.9804864305376646
-0.017534506375615752,-1.0,-0.6108697540069946,-1.0,-1.0,-0.38984029422256805,5.802038358570862
0.14875217470970337,-0.1899807315158105,-1.0,-0.29045672872671,0.03097382530445747,-1.0,3.2464588018145206
-0.2857449024243427,-0.004638514885598077,-0.3102968099496064,-0.1012355770104092,1.0,0.762198085444429,2.8259354157857244
0.795165763874053,1.0,0.7021258686887255,1.0,-0.23844731015566623,-0.9486581753089769,4.0724066803271075
1.0,0.6295448510333923,0.12895948747922814,0.38379170613308355,0.3414067018573061,-0.1337254337460274,-0.23968278513955277
1.0,0.5977691892686479,1.0,0.16016096024244503,-0.5091028786199987,-0.9776456499505795,4.656476835780527
1.0,-0.29131855585983235,-0.7934423725621141,0.616740907367458,-0.743662035982759,-0.6191898526161956,3.908158484834023
0.7969697670338413,-0.6141723010449205,0.2010100154117671,1.0,-1.0,-0.7080433861184219,7.093754840022236
-0.7621974548961196,-1.0,-0.4059664150084581,-0.13633510627809542,0.3932591987714531,-1.0,4.776287351904298
-1.0,-0.5899106469605742,0.35029542066921804,0.7103862736746165,-0.5528880883927703,-0.9488603910685279,1.0645929398600686
1.0,1.0,1.0,1.0,-0.4885307338471054,-0.3615923478345926,2.753266085863657
0.0725066857446286,1.0,0.6828381591786084,0.5251437412631315,0.46116458149087247,0.44510701910348494,-2.201100812325498
-0.3361687833362661,-1.0,0.7726649749601665,-0.0296122284937681,-0.7659081207703674,-0.29880739605976336,2.0853873283707034
-0.08643954709197377,-0.3462815422827712,-1.0,-1.0,-1.0,-0.7639157722077669,1.6636345412141733
1.0,0.8967990703579292,1.0,1.0,1.0,1.0,-8.842189569832557
0.6007160884189633,0.0684751556888589,0.7813859008101629,-1.0,-0.5151326488187719,0.7833852001099089,1.7551819467591971
-1.0,-1.0,-0.3895733872267182,-0.9025800850302175,1.0,1.0,2.0724582913441645
-0.93426441306391,-1.0,0.36265014923146655,-0.15358593104370843,1.0,0.18525768680050517,3.2875304826329748
-0.9971290791859282,-1.0,-0.11909277943372998,-1.0,1.0,1.0,2.37345063281035
-0.06442840568635344,-1.0,0.7975199221432356,-1.0,-0.9719275260085896,-0.01517910439406256,6.645043510460145
0.6773345821218418,0.254418511822326,-0.5914814660306504,0.9250466288141915,-0.5271862837150614,-0.43004363045120386,1.5490371802568779
0.3110714101628169,0.07878550126587047,-0.43100168986057336,-0.13310475772410307,0.6130569730692068,1.0,3.38091384472062
0.03631223172533393,1.0,1.0,0.7054893574228274,1.0,-0.2601724441984478,-3.5598316494323514
-1.0,-1.0,1.0,1.0,-0.9085694742457249,-0.27833653382120527,-0.9282093449801077
-0.7580263865547535,0.15998428833540546,-0.5739185071727718,0.09379106583987373,-0.4154654543895848,0.9061065227703075,3.1776812846068254
-0.05944659510235653,-0.3188363122405006,-0.5848503714121522,0.37781916709934876,-1.0,-1.0,1.2435225673908226
-0.7966478692047241,-0.33624406154415265,-0.5439127021418895,-0.8681913898043498,-0.3355178290588705,-1.0,2.8297148735162194
-0.415681478021271,0.003591442324678007,0.025699709210271093,0.025632474493636037,0.2238104718583801,0.3084730789262119,0.3506375284799376
-1.0,-0.09024621424677925,-1.0,-1.0,0.28538543199746536,-0.1719533500773931,-1.1430945581951248
-1.0,-1.0,-0.23187195276722128,-0.822606426409239,-0.17869949908347438,-1.0,4.237484232890876
-0.7023959284759649,0.7962735245762007,0.22167293756597212,0.8471877984037987,0.6867215885926923,0.8816282638544837,0.55405519036582
1.0,0.77575973895436,0.5247621863925713,1.0,0.16637445108481602,0.0790801289727697,-1.1697106159554385
0.32361593347507056,-0.6021918309450869,0.34123787029728475,-1.0,-0.13001697673994905,1.0,2.1295174256426788
-1.0,-1.0,-0.7141270164122415,0.5568727203144697,-1.0,-1.0,-1.8878447277939427
-0.03309630743846337,-0.4333657793725155,-1.0,-0.19167406063406522,-0.8415772082690373,-1.0,2.859367022073555
-1.0,-0.4547869915843232,-0.2751897208687948,0.3569944719602465,-0.5970017965113426,-0.6193249155753016,-0.33110970359852354
-0.42982692924214017,-1.0,-0.09151041973584939,-0.8177755065399963,0.6166440688756276,-0.1769840141997849,0.6047113920726528
-0.8223982280574824,0.0638260640105015,-1.0,-1.0,-0.971397989044574,0.3524684009345025,-1.3347058131039662
-0.8760416383706959,0.374418935320405,-1.0,-0.7797636318257941,-0.4663416197504362,-1.0,2.7873355673917812
0.8101947373567164,0.29364357429277055,0.41095520506817085,-0.6415958442182749,-1.0,-0.6685133606356338,4.702469782565427
-0.5774519870937522,-1.0,-0.5782693927078875,-1.0,-0.7476794849408293,-0.3098283358153049,0.6725989209838737
-1.0,0.942761674936956,1.0,-1.0,0.914581769385796,0.04639635142977094,-4.040592928016513
-1.0,0.10103535211411396,-0.4922621131762517,-0.5236884999727764,-1.0,-0.692033588742484,-2.6635053015514023
-0.18702481567305163,-1.0,-1.0,-1.0,1.0,0.37115809924365195,-4.502056945705039
0.10955566638306269,-0.5989956342897378,0.21871941037503428,1.0,-0.5583119390885126,-1.0,3.5957401757105547
-0.8974908440181553,-1.0,-0.830531006218466,-0.12842033305935757,-0.5313505768768545,-0.049912524976565065,-5.725287630128788
-1.0,0.5925008075369879,-1.0,0.6162614544769487,0.8036098147281703,1.0,9.87748264538952
0.5282309933932434,-1.0,0.17942072555115463,0.5403243010923595,-0.8319433256916189,-0.8742593147433754,6.815478294504118
1.0,0.9791429952294064,0.5018579269503942,-0.6700316871093241,-1.0,-0.6565523073991035,4.739356291471637
-0.10792379020017928,0.13954269115548973,-0.9158066541381575,-1.0,1.0,-0.7900898194028722,1.1733474085451998
-0.3712662155625789,0.11219375763578215,-0.09135594136633939,-0.821113263866212,-0.6602227268751201,-0.3932523032461935,0.20014076385939533
0.83015985528488,1.0,1.0,-0.05714914822852235,-0.3171225695630489,-0.34326556278661485,-0.5584092885956102
0.6464544394954579,1.0,1.0,-0.30337923545079815,-1.0,-1.0,-1.609982697465233
0.16024815846849438,-0.0246663975671213,-0.06564804799878798,-0.33532848192492426,0.275051929748495,0.627462162234249,1.0392860477379773
-1.0,-1.0,-0.8993164933879818,0.7449834213135361,-0.3819293225926479,0.1318761866985716,-5.547554048811078
0.13914610247184356,-1.0,-0.2331934702514542,0.9465076413336541,-0.8237271107241849,0.6356291204995701,3.7014882339547284
0.5197394891993101,-0.060475828019255495,-0.7840457125118273,0.4864728422483834,0.10329847553747273,-0.38484510676667294,-0.6420944471744291
-0.2129398706497569,-0.2497497019299792,0.036862604088676365,0.904567952755212,-0.7306595526709946,-1.0,3.1910011331017025
1.0,0.4887170840720358,0.2674640287437017,0.9780813180938994,-0.6738768896226746,-1.0,8.23845906669727
-1.0,-1.0,-0.14681458885478266,-0.32249663043974464,0.03261218141372019,-0.4690910592255826,2.004322007310936
-0.01622817307591906,0.3230917770483909,0.04674355858707968,-0.7630433300817869,0.5991899414042576,-0.08955214625388176,0.6585599422860324
-1.0,-0.07446693696408624,-0.8276379772296862,-1.0,-1.0,-0.9685419103341648,0.12331453288768712
0.22233374254869653,-0.6341530269739806,0.556183946024037,-0.5313940985819312,0.8982314771863525,-0.3268003126634148,0.4998651432608017
0.7456367031647441,-0.7178948629977584,-0.059855157892004546,-0.3064420318973923,-1.0,0.20915638121065255,2.4699862423681536
-1.0,0.6988375902250056,-0.913764278516007,0.42350007604138273,0.7280220736019758,1.0,10.808482369499552
-0.022114774459040976,-1.0,-1.0,-1.0,0.05877444507588914,0.23820483861820377,-4.674451629427478
0.7536614400693873,-0.14833757795704738,1.0,-0.2721028767533552,-0.6793487273317584,0.4690542185554981,1.7900436339648946
0.7519017500802188,1.0,0.5771529747434962,1.0,0.08852865731696838,-0.7295953835188166,2.3253686495838397
-0.8976667027691216,0.7846582661414735,0.8752529291508924,0.906119912817888,-0.42500208355654734,-1.0,1.1589392288901894
-0.6880105223341165,-1.0,-0.37488396729652385,-1.0,-1.0,-0.724291609300399,4.72038394981019
0.7762359468345503,0.27692203160819695,1.0,0.15754525188583668,1.0,-0.22957388491076416,-2.228845127898809
-0.04322384292204462,-1.0,-0.21266646208124107,-1.0,-0.6109142376285372,-0.6091523964807675,2.770131826762069
1.0,-0.7012947922069235,0.334559241103069,0.127656413673654,0.941070059923046,0.8659352153360258,-1.4597047588670868
-0.07575359955706286,0.11376681991359938,0.23585478855628073,0.8346504247629436,-0.27603202925834025,-1.0,2.770881774346756
0.9823239236306652,-0.38717298983390824,-0.45232126983311477,-1.0,-1.0,-1.0,8.52772652190917
-0.19150727866152717,0.6280382555340265,-0.6834802791358807,0.6778373561953894,-1.0,1.0,5.542849867075506
1.0,1.0,1.0,1.0,-0.7770895782698356,0.8134548194855769,0.784066809899618
-1.0,-0.8698631530480647,-0.20434744309951602,-0.4094567574700727,1.0,0.2678323012058835,2.4064318616065448
-0.19830850847850323,-0.7505943913928521,0.9744786767865994,-0.2063532679139694,-0.8163688926134018,-0.11129869738613674,-0.16804835742926882
-0.8617506140214712,-1.0,-0.514112547740504,-0.448236417331499,-0.7110453263071365,0.9749183339715517,-0.5775822146932224
0.15621416887105077,-0.4732784274923481,-1.0,-1.0,-1.0,-0.6463489416016397,3.0121806299176015
0.2667590603300588,0.23137627365161217,0.7812493843156164,0.43745463377124594,1.0,0.08578218710833052,-1.026286522191532
-1.0,0.8968793901470786,0.28885392082675604,-0.04225883956817755,-1.0,-1.0,-2.927158326004377
0.42986430511026347,-0.2446154732294531,1.0,-1.0,-1.0,0.4379930051491805,0.25543878644871254
-0.7295238546838623,-0.01619498850727996,-1.0,-0.7787955426983287,-1.0,-1.0,0.7363851491314495
-0.3653236835969298,-0.7989722907251805,1.0,1.0,0.2416420255337119,-0.016474884907649007,-0.030061793721076535
1.0,0.08951562059170035,0.9333645957953692,0.9903654234982067,-1.0,0.23712908399582466,3.865078560659663
-0.7878477564278596,-0.03328369442252188,-0.25650644040612414,0.4753252667774806,0.47163314734390305,-0.010255106190723895,1.6073001962899511
0.2534151926478656,-0.8231265990494575,-1.0,-0.07996111191793967,0.3586433828287092,0.14429303846599695,-1.6872003689457928
-0.3530738413421847,1.0,0.8696935524778573,1.0,0.6561320529821248,0.792574075740683,-5.127945376774247
-0.3967514049353309,-1.0,-1.0,-1.0,0.5032683762946129,0.5154806434123369,-4.938370306613372
1.0,0.8542258396732522,0.41209401842690474,1.0,0.7683071621453056,-1.0,0.8217265703450937
0.12269724554130862,1.0,1.0,0.6080492858950779,1.0,1.0,-3.3928872906355765
1.0,0.2143551989381974,1.0,0.7005973777832017,-0.1360604535905956,-1.0,3.8551586294790368
-0.5066961580276217,0.25413656888510805,1.0,1.0,-0.8216198065298728,0.41038663585314183,-2.7106266041209626
0.29172018087767454,-0.23525775325098797,-0.06874534962917914,-0.48816624820143517,0.14567816652157267,0.9244440249985374,2.44060342525593
-1.0,-0.7659106740847603,-0.34267801740605996,-0.7887331735921975,-0.32800009948367825,-0.024512014907123514,-0.7466854448271926
-0.6842184591899333,0.12883294851080693,-1.0,-1.0,0.04664973982236764,-0.22156859069895038,-0.37651073884790476
-0.7641645052498355,-1.0,-0.7972065643446969,0.9246191511935391,0.4866120251075674,1.0,2.583245600939915
0.23338985171176482,0.8096088458003174,-0.27611017985871095,-1.0,-0.8905544134824814,-0.36446308416814055,3.7315987127255292
-0.6938089700077091,-0.7138374263698901,-0.2794446239554902,-0.19450008587136225,0.30229563007385263,0.30051164002672315,0.4856255666336067
-1.0,-1.0,-1.0,-1.0,0.7035705910719554,-0.8850183722262552,0.0011944583669768472
0.899115444424571,-0.41310328401198276,0.1376173520585129,-0.15967539906964298,1.0,0.7560651294844598,-2.261622522361774
-1.0,-0.8048071753408679,-1.0,-0.7815769396080476,0.39980133922718186,1.0,1.7615737267134652
-1.0,-1.0,-0.1942797831674412,-0.6239053558519954,-0.1259528806795276,-1.0,3.4206802889229913
1.0,-0.9549007912815428,0.154529680299066,-0.4300731058272148,-0.7879803086509953,-1.0,9.776779057891105
0.5149158733727095,-0.9027858534761692,-0.7704493708108976,-0.09866569239045764,-0.6980194471428556,-1.0,2.67155483161397
-0.5326107518933001,1.0,-0.09051260782890302,0.03723444769512774,-0.7216032857967023,-1.0,0.1801417367329304
-1.0,-1.0,0.05796127255291761,-1.0,-0.19541445175124164,0.6690780788646784,-3.412825972515813
0.4361396790725969,0.934861489835529,1.0,1.0,-0.062474529877264096,-1.0,0.720289375004821
0.035191098282558286,1.0,0.15866399471367298,0.598650638822211,-0.859367183899975,-1.0,2.635023548159486
-0.01934111254765003,0.873546116493594,0.2994545192304573,0.23143459341367412,-0.12267534796957724,0.006733991998334448,-0.9037736358648276
1.0,1.0,0.11650813508719321,1.0,-0.3926362187667196,0.3061015311082437,2.755832226162381
-0.420855034722431,-1.0,-0.6919265892434269,-1.0,0.3100777198108601,-0.7395563087348127,1.0057849790825348
0.6025472802873446,0.9809577966564986,0.5545093399800809,1.0,0.11324698854126151,-1.0,3.4389766361165446
-0.20959211122631327,-1.0,-0.23666541959641574,-1.0,1.0,-0.17459059643366603,1.4610705981396641
1.0,0.9403360976634502,1.0,0.2114318428703682,0.02825907684028433,0.008328020535242509,-2.3087286036932637
-0.4272599433937096,1.0,0.0909422850422372,0.4094503501774883,0.22714090812207466,0.6960191442203478,0.9688173115075976
-0.6125023305336422,-0.057903578953508034,-0.44865152155805155,-1.0,-0.1097612675260915,-0.13464861652874566,-0.029366523745570194
0.7676915736769248,0.22139598351116307,0.4736982653430889,0.9793825875094206,1.0,0.4488389554810608,-2.129846078015455
0.3199176484211119,1.0,0.6390150197511761,0.433295092944898,-0.33667381193194257,-0.7074750677130981,-0.07593685945536499
-0.9553240154199394,-1.0,-0.18611694242476362,-0.6889959201663962,-0.5962680669035701,0.6958040232905496,-2.4790858793991255
1.0,1.0,1.0,0.145539706995853,0.9798777754753746,0.9991539634432798,-5.324905400816533
-0.6101865520453098,0.35135024755910854,1.0,0.5037836968634783,-1.0,-0.47194792740041625,-2.606749478371283
-0.38752347862998265,0.4524473183211348,0.541597326413887,0.1320046911104806,-0.8563382873558164,-1.0,0.8704137679021905
0.615671731183946,0.4592117382880734,0.21541756209878504,-0.5537742487033196,-0.11927690249040901,-0.9529021822387451,3.5298113677658742
0.6404443888099691,0.9244113526961191,1.0,1.0,-0.4013750513182765,-1.0,3.6241956001854034
0.4884373814497549,1.0,1.0,0.40948846233167635,0.2946059760888556,1.0,-3.6134096506929727
0.6322812852392885,-0.630405969777617,-0.41912578830481884,0.3760640265887304,0.2998647422128946,1.0,2.001997671787519
-0.023293641412205413,0.2896512411766953,0.6853743953308535,0.5648503338666576,-1.0,-1.0,1.352870439855641
0.7091841130996351,0.2672630274379161,0.14840083372929236,0.28456356999742244,-0.023469386587935404,-0.3993972644593322,0.6929523622974758
-0.8005478315229968,-0.581255442880546,1.0,0.21809301757802702,-1.0,-0.8600520713333681,-0.7526657747477148
-0.33145944429295365,-1.0,-0.689552620609645,0.16271929700711746,-0.8644476700118504,0.3658738063497176,-1.0972073824557445
-1.0,-1.0,-0.6931969478085711,-1.0,0.20138585074665427,-0.684691006520495,0.5361346262404593
-1.0,-0.812241609658841,-0.16284967258457828,0.019690709971361464,-0.44532384747533627,-0.5014489493736168,0.030737828287806107
-0.18361807596881788,0.1465748859881248,1.0,0.5738879434506036,0.07422815093704414,-0.9584564845274754,1.3114567213711
-0.43824592782018695,1.0,1.0,0.05706121384439311,-1.0,-1.0,-4.608975958823807
-0.41691645597422666,-0.7142611938117144,-0.46227074057132755,-1.0,0.009772608894028367,-0.6302392951320865,1.0217170641488178
0.7448870401967991,1.0,1.0,0.8206478167224092,0.5025762667187321,0.06576859077016675,-4.422038632129934
-0.16852540939522176,-1.0,-1.0,-1.0,-0.3055338070637583,-0.18352437289412027,-2.119010451962493
0.09793642943870784,0.48223540141090737,-0.48452663119753725,0.6253659744141625,-0.07366233591156734,-0.642539972935825,1.071595337021351
-0.4289566122989056,1.0,0.7651667633830816,1.0,-0.9395887728588312,1.0,-2.88437975377093
-1.0,-0.7765512021435221,-1.0,-0.3636510050478927,-0.6489105632632843,-0.7056916941306302,0.3645191643015544
-0.1332729073481489,-1.0,-1.0,-0.07593342326942998,0.782133981534985,0.24659152505315773,-1.6720997040141747
-0.28539444511730994,-1.0,-0.9479457505498603,0.43004769628789047,0.8196807306333594,-0.26429433129392277,-3.1531443515237276
-0.4093036458069,-0.42324596191286257,-1.0,0.18932118534318412,-0.873719666042369,-0.8608706605707761,1.0378376606320512
0.012409976172570947,-0.6906216644931392,-0.9239319456396221,0.02256658753386262,-0.004538917995442482,0.18666713966758747,-0.6918568399254695
0.4971491467520097,-1.0,-0.5349213467390763,0.23952198362000243,0.8192718689541355,-0.46649725988274215,-1.719421356227929
1.0,0.38099400729210864,-0.5182280829632668,0.9128208913507265,0.2768290520494265,0.6926831527652649,-0.765022450429516
-1.0,-0.21633609700786205,-1.0,-0.9271205287718651,-1.0,-0.21618500274718944,-1.7427608613418697
-0.0562362108168685,-0.48817233861207177,-0.7348851888562348,0.14012395605296446,-0.30587286363170485,1.0,3.954778830892196
-0.04369962948972361,0.4763416646696828,-0.4544182955731829,0.44133069872518815,-1.0,-1.0,1.1503116642078852
0.44932072207368046,-1.0,-0.5735438347364098,-0.2380427299750152,0.32806947990426694,-0.15909050642886474,-2.4591431148612966
-0.13375320554727696,0.8760483532875198,0.2440933437325142,-0.1071991163784406,-0.10416674232462392,0.6304129909767979,-0.3129971071589467
0.8898726386382063,0.3194287567824041,0.05700213728712389,0.2866982216276477,0.5067926982759225,0.04379311083767401,-0.361335779587428
-0.541059485231965,-1.0,-1.0,-0.057684550792377554,1.0,0.8954080315514072,3.2830576715323723
1.0,0.6571364410971339,0.8646172651567439,1.0,-0.17854454372790257,-0.1110302074004445,0.5355972796289982
0.7261802010938629,-0.9164223671167266,1.0,1.0,0.5780334910811863,-0.2078420654506894,-0.8270887269650902
0.29561876283216704,-0.46265077806902044,-0.9103731503277623,-1.0,-1.0,-0.1067127728942574,2.470075212551926
-0.7754622965830449,-0.6488254971102138,-0.17942937708150775,-0.5694761698698003,1.0,0.130900293122727,2.104192604799163
0.5068859699036581,-1.0,-0.42313677426677343,0.7073319505166717,-1.0,-0.7035062016542988,3.9649410949969717
-1.0,-1.0,-0.42118186497503984,-0.6182635649182784,0.6883738986519653,-0.4226032183031946,1.1472710795263117
-0.11560325755686379,0.9713609886672381,-0.029326943968322916,-0.3563847635563372,0.6499140006830377,-0.6770466636753648,0.010983067457459805
1.0,0.9973487849357388,-0.6166506237265148,-0.3076967703603113,-1.0,-0.8813628317559337,5.782102040804535
0.09976695212046627,0.23717328216361266,-0.9160012990322852,1.0,-1.0,-1.0,2.268669527686924
-1.0,0.477649506297594,-0.07608666173896303,-1.0,1.0,0.9033848129196815,8.208608207133679
0.7098009340966156,0.2644200812102826,1.0,0.1860712309742366,1.0,0.033854134411829884,-2.7439421450819155
-0.9635360245392195,-0.0725657004816721,-0.6072864082921334,-0.3502015671545204,-0.39904564633635053,0.07822097653230548,-0.9117903580220342
1.0,0.7854826620224427,0.34156366298853147,1.0,1.0,1.0,-1.5738318180696678
-0.28485785663733243,0.30641054392091704,-0.3710695709069196,-0.05869110129090818,1.0,1.0,5.977251544347937
0.5140519880599748,0.5513323655926295,0.11397296057358608,-0.32929061465026616,0.37317593958465967,0.16327462310383706,-1.030102599344389
0.20789338849053896,-0.43514519599271295,-0.8849158714087155,-1.0,1.0,0.19013886277436565,-0.45397057195290247
0.8958874111322832,1.0,0.5580139442499434,1.0,-0.9256600786625189,-1.0,9.656655391859024
1.0,0.5053336334739981,0.3222709177884933,0.0469952529204799,-0.6580586011248268,-0.04640699435030904,1.808669907868094
-0.08346495305802515,-1.0,-1.0,-0.8010113818839217,0.48169685329814427,-0.22047511754221652,-3.517899260308976
1.0,0.8476216599757466,0.27906405886248786,1.0,-1.0,0.08984811200922427,5.211523431583079
-1.0,-0.18197437358395396,-0.874591280607976,1.0,0.5840817934815662,-1.0,3.8875894177943873
-0.9958011067902521,-0.8837251791067187,0.06752751727911456,-0.9531019908563214,1.0,1.0,2.3397546080776928
-1.0,-1.0,-0.30014124264211944,-1.0,-0.5154574899277206,-0.8423773902900478,2.8457025886212817
0.5996181092034651,1.0,1.0,1.0,-1.0,-1.0,5.758965451654948
-0.3035211686808482,-0.9608672126257899,-1.0,-0.04400294510951436,0.0656723308586537,1.0,3.531657941429002
-0.8121227703213189,-0.7360476999519276,-0.2801390242270205,-0.671765374829483,1.0,0.43759355801525235,2.3970063483071278
-1.0,0.19818128611078156,-0.03161368514056244,-1.0,-0.44861478123824816,-0.9749840523977589,0.5213956335762309
-1.0,-0.2559145156142635,-0.34005799698619943,-1.0,1.0,1.0,6.939011681885995
0.6129997616283162,0.09175700572445311,0.4712707214793308,-1.0,-0.037281721830282555,-1.0,3.624867929798603
0.4804072967571984,1.0,0.15187863233095222,0.4303041126242191,-0.12801514041084355,1.0,2.618612877301492
0.47499192685083447,1.0,0.3753400991341209,0.9377680277419839,-0.36423105927613136,-0.5559659542379005,1.9862784329128684
1.0,-0.3210275364592448,-0.9126802436584778,0.8696874395967553,-1.0,-0.8931345728759691,6.778492925671643
0.4749970707626055,0.5289054564561659,-0.5811019323515488,-1.0,-0.7329173730813935,-1.0,2.361062830504415
-0.11519605563558893,-0.42851540637442204,0.9205944547429671,1.0,0.5010212259826471,-0.01756443127561802,-1.2566590232431105
0.5355151994717925,0.19317618727192154,0.5793971661434522,0.6358663971794446,1.0,0.3754405751795949,-1.3057403353428607
-1.0,-0.6021562072254844,-0.8853412044839511,-1.0,-1.0,-1.0,3.781381379984928
1.0,1.0,1.0,0.07706580861382295,-0.33124505251518743,-0.003647059569852007,-1.3123888430937924
-1.0,-0.9154958123124839,1.0,-0.09748492800127162,-0.562610546014191,0.508742314545064,-0.3481345906768851
-0.5497312068135445,1.0,-0.15956999458172688,1.0,-1.0,-1.0,3.0887197300966855
-1.0,-0.013077838683523524,-0.16499523867864854,-0.596363858637946,-0.23798374459490224,-0.12977411243288373,-0.513767008320707
-0.1283122379342403,0.7918179929652651,0.7047157286592501,0.34452201737545085,-1.0,-0.07837283662792305,-2.035528108681419
0.6449724891782826,0.4638183270586361,0.34684484758222156,0.6202382481185006,0.2288899877081284,0.8753422003593692,1.1339344062751107
-1.0,-0.11391285848715804,-0.46860984958803076,-1.0,-0.4731727000715218,-0.6911859083148043,0.9251883314080951
-0.12254521199209767,0.055826267685017306,0.264725743405952,-0.35088795318801347,-1.0,-1.0,1.7899349842652739
-0.10065207236073692,-0.37691823073894143,-0.1624186766520156,0.11974150108331143,0.8395364731668058,0.9637635460069611,3.587653411705966
0.5090701940282016,0.3606820921053245,0.05189702582931496,-0.3560571096476596,0.8228501561723496,1.0,2.9760154218687975
-1.0,0.20987551467881546,-1.0,-0.808801486902037,-1.0,-0.20169816990415554,-2.7623253841462603
-1.0,0.9592933953323532,-1.0,0.5631114787315287,-0.8977965624416737,-1.0,6.458982455023012
0.8104859930612226,0.03581793692501434,-0.12010100697530936,0.9325621767877493,-0.738440798298714,-0.4266991213913678,3.6526242952509334
-0.9272776474001657,-0.6719932477611996,-1.0,-0.5826378494533946,0.2787483980881562,1.0,4.397583932131477
-0.6538994154626103,-1.0,-1.0,-0.9070758380316666,0.31567094113141847,-0.6288728507797522,-2.2188413670399427
0.027866409152864036,0.9066139805923913,-0.7530843631351569,-0.26955598438227873,-0.6622241845695042,-1.0,0.7349474853407716
0.6106883691845038,-0.8664591462128084,0.5602678201825226,1.0,1.0,1.0,2.4221617553197006
1.0,1.0,0.36151730857609876,0.27685412235685103,-1.0,-1.0,5.799396684951283
1.0,1.0,1.0,0.7682568211412877,0.7480186753691942,0.07458375260085615,-6.432440440005514
-0.03877290876433814,-0.24143792597238178,-0.13154580749595401,-1.0,-0.5943984520390486,-1.0,3.087152562329238
-1.0,-0.13452632729372094,-0.12656061874071922,0.15471804880842144,-1.0,0.5292403458050552,-2.0585847949808658
0.9495450469621893,1.0,1.0,0.01262994933050332,0.36539698395438736,1.0,-4.067664840200603
0.39249339199962563,-0.22974118723377135,0.1681657917969417,0.19415493747760176,0.8731440028052244,-0.2379907543312213,-0.9786487148868708
-0.36220796326763116,-0.847777645583524,-0.6313843828950243,-1.0,-0.433889413984184,-0.006055054617259525,-1.6360302117033407
-1.0,-0.5673782408715876,-0.34378958540904103,-0.2170041752380294,0.5857166418177243,0.3843760917260035,0.5277160836513601
0.8172405478703426,0.4127781720175623,1.0,1.0,0.09488321766142355,0.7702326134380204,-2.856568203294226
-0.36340337788107135,-0.19698884278278483,-1.0,-0.5472578292281274,-0.6295321374165347,0.9618446446387687,5.493041552077544
-0.45241442636185847,-1.0,-0.3133279886041474,0.4604714743894229,1.0,1.0,3.83961454067372
0.6961933957783626,0.5623737117436451,0.321235836844434,-0.13313014766069892,-0.1514930865237678,0.444196714430539,0.7312482358882839
0.4481073019122662,-0.04677233368569561,1.0,0.09967972212515835,-1.0,0.9145513345896006,-0.20593313948340097
-0.6923426652967177,-0.781332970847711,-0.582860805759928,-0.48245171966703215,1.0,-0.6416798798333705,1.6081173366564254
0.28146142658749895,-0.9640087613226853,0.49192078640412906,-0.7912728890661971,-0.13781934911085092,-0.768693715786503,5.487926328245544
-1.0,-0.4637457363445485,-0.9635109229591095,-0.8607569875430543,0.3340094838012855,-0.931192407951098,3.869625061699131
0.8060904827713491,0.6449158525567387,0.9287965164716925,1.0,-1.0,1.0,1.862239365853534
0.4566388176123439,0.3779295161672691,0.4426271737777038,0.0497228871534556,1.0,0.269460321775844,-1.546173777757852
0.41416905568324014,-0.22998365364698087,-0.43799801512672387,-0.12913279009553613,0.697864767888927,-1.0,1.0760508232772084
-1.0,-0.9396721769150245,-1.0,-1.0,-0.014133564375447275,1.0,-0.6420124305403455
-0.035256766473217085,-0.4852650187736103,-0.48563245175918984,0.579888811153505,-1.0,-0.37224040567833405,-0.5332400018435528
-0.5852885202641441,1.0,0.16376131275614758,-0.314627328846082,-0.5842478317499066,-1.0,-1.8371947514920608
0.4364124212562973,-0.07259204462967017,-0.7801285336638349,-1.0,0.6621173878699687,0.6225524570457259,0.6604117340185998
-1.0,-0.614666079736589,0.25807701607663536,-1.0,1.0,0.11053133906258261,2.924126626436885
0.7672287927004654,-0.008214063554461346,-0.23504748338751746,0.70794069227507,-1.0,-0.1303374889259563,3.172883965799409
-1.0,-0.32027855863912014,0.01426881320536616,-0.32003199602046417,-0.15813619010214208,0.6527421307618517,-1.0064679673735564
-0.02334332092550051,-0.7866713013906003,-0.47680750786198084,0.026216274374427084,-1.0,-0.9611581123949109,1.7983467575406729
-0.7538906516596404,-1.0,-1.0,-0.9149072642835279,0.6144651807375731,0.7967010440452211,-3.857489600571199
-0.4903718364237741,1.0,1.0,1.0,-0.5078117448216743,0.05231574244247689,-3.8464200250445684
0.12891991998365837,0.6417160477629285,0.14005418457748942,0.8200725694843201,1.0,-1.0,0.7830399618127986
0.7137893749230803,0.5945610511071777,-1.0,-1.0,0.8858629455364719,-0.8373818595232707,-2.6771500232958747
0.3771967809165261,-0.9394061150537174,-0.45692045907039225,-1.0,1.0,1.0,-0.5676224911655884
-0.8412037913937694,1.0,-0.45506240888556876,0.5921801821610506,0.678469319322428,0.8575382448410267,5.318576550676623
1.0,0.9803069569977245,1.0,0.4066246948153771,0.01468605732068455,1.0,-4.127550887067461
-0.21404179888016828,-0.053124377976958015,0.5125827360076285,-1.0,0.9466586074668564,-0.30569893009479526,2.0693685788086458
-1.0,-1.0,-1.0,-1.0,-0.7035706482345918,-0.10098864254700479,-4.414402689265133
-1.0,-1.0,-0.7665813519201007,-1.0,-1.0,-1.0,4.066175582907388
0.9963991158082717,1.0,1.0,1.0,1.0,-1.0,-6.406940519276516
-1.0,0.022303992832616616,-0.5567770055898537,0.05502529999988151,-1.0,-1.0,-1.343083833367774
-1.0,-1.0,-0.5607295027233268,-0.717596883785778,-0.16748646589018468,-1.0,4.277206863273525
-1.0,-1.0,-0.7146239016613467,-0.27944012939405805,1.0,0.6338536414877131,-0.8959509000026313
0.6031618648374292,-0.8784893581809524,0.5791353736145812,-0.6189807715750133,-0.6709482603495791,-1.0,8.65145676770041
0.2194087072865082,-0.9923132954358566,-0.06337112611525925,-1.0,0.19009054656593105,0.17684396201302177,0.07396670258734139
0.6519454710797381,0.4090818394221769,0.7608758885021709,0.5004259863530456,0.48844128657910124,1.0,-1.829324985732529
-0.13850580386777533,-0.7887322235159815,-0.7476948814903743,-1.0,-1.0,0.29833562883467946,2.1053002256826527
-0.3151353359989151,-0.19181500534709195,-0.9818240060313204,-1.0,-0.6267034379887914,-0.7848284730441736,0.15322312496555113
-1.0,-0.8976211439420286,-0.7474378409000919,0.3346319419502016,1.0,0.7388785189697378,0.8993734941254886
-0.4394716431886222,0.6028704314065253,0.38545055723765564,0.5949451306833213,0.7320286366376622,0.012839544785356871,-0.5974007253596817
-0.22633415366961196,-0.3508765388698222,-0.16898785607947864,1.0,-0.9754040260614143,-1.0,2.032361731299313
1.0,1.0,0.36308721127032584,0.32661809577792944,0.4772514176779792,1.0,-0.5271739794887437
-0.7892939311720046,-0.7234556061055796,-0.1182826373628797,-1.0,-0.1828925763479534,-1.0,3.848474481174254
1.0,-0.4236394476223362,0.864376653518117,0.8385755806922789,0.3195243701801526,1.0,-1.9390117566855798
1.0,-0.22083236590899336,0.38825763929648704,1.0,0.5192643575768844,0.6652056686159783,-0.2126987877470533
-1.0,0.28935702326982116,-1.0,0.18737812210738353,1.0,-0.5724416678513599,1.6453212049073733
1.0,-1.0,0.9233659625188302,1.0,0.4215013723819292,-1.0,4.1081250971265595
0.4103696985146712,-0.9230964081854258,0.1965605233411873,0.7862909483801844,-1.0,-0.5254040719377019,5.232487883591786
-1.0,-0.9010279684947484,0.09953232104406895,-1.0,-1.0,-0.8120553392231533,4.2062499825096005
0.194486455058607,0.7761812007601399,-0.396220088492348,0.9470295239252103,-0.2404278301238667,-0.7394412010966367,2.094047032858482
-0.04354692443900432,-0.0009689004475997853,-0.0066760777084757805,-0.2859779988219069,-1.0,-0.641020310378789,0.8425920052609795
1.0,1.0,1.0,1.0,0.16376964624002044,1.0,-6.0165224142628375
-1.0,-1.0,-1.0,0.21767548122031666,-0.1879363636075413,-0.4297075350564412,-4.7214639113438555
1.0,-0.16449775644606568,-0.4508384724451687,0.4230324767297603,0.8718393207528219,0.22639858846883443,-2.2515240371406446
-1.0,-0.8585396301067911,-1.0,-1.0,-0.05134408493255527,-0.9090808173322187,1.777140997439082
-0.4497503400052305,0.415857289132072,0.507073931121647,0.03726981156993836,0.16493126086304155,0.49193127251223934,0.23744086236386697
-0.01694008511900158,-1.0,-0.5991233294091165,-1.0,-0.7540562392770583,-0.9619921002958413,5.45712908559347
1.0,1.0,0.598704755264259,0.1904259899231442,-0.34445340715423356,-1.0,3.8244439354438815
-0.6006188095091166,-1.0,-1.0,-1.0,-0.7260215546161155,0.07258402830873414,-3.5934820801718663
-1.0,0.7578998482514776,0.007421113289766551,0.3196827233907067,0.4756936024187832,0.8351511743861515,2.3272970989466866
1.0,-0.5000514719120963,0.18941806357507573,0.7961112190130338,-0.7409458736560339,-0.23425036574620883,3.564758674798213
0.09135014095103725,-0.3972079398049537,1.0,1.0,-0.5817200545272321,0.13326121378987366,-0.9298492578843475
-0.0887586223007466,-0.2714671611655881,0.08442973778938234,0.15518311233496557,0.9048654801673064,0.11071249764213431,0.2379267973911975
0.032364986513607974,0.3661503535651637,-0.8668205050952178,-1.0,0.9711469364978793,1.0,8.071774108302591
-0.4255434308674804,-0.8179221781072012,-0.5586074079606561,0.06918334177898466,0.09004529396047922,1.0,2.5642840428789793
0.30684476621796286,0.1519409736609592,-1.0,0.1758027144080787,-0.5142393713236355,0.16910298501083953,1.1059680515246995
-1.0,-1.0,-0.43384322608345116,-1.0,-0.058846970483279415,0.0702597648369907,-3.6356064998124964
0.7375653921865148,0.22978100487915049,0.6378728176757422,0.9124696775236963,0.41693629427824075,0.19200239707979772,-1.6986724790767793
0.27948521931977494,0.8048705672376907,1.0,-0.7160281678829051,0.8306994936630866,0.703259207782293,-1.5939705268364035
-0.5028162159272427,-0.9374289174032051,-0.009699137495312149,-0.23048316278306702,-0.7995853877988142,-1.0,3.0438223827103754
1.0,-0.4870440054316959,0.06402765347759931,-0.2792561777573752,-0.06412884681918951,1.0,1.3643122766955897
-0.6515401792412141,-0.20284376691186634,0.9603066058748893,-0.05767276269247634,0.6899735408593192,1.0,-0.35003886893993125
-0.780034581729767,-0.06663966808710109,-0.04145446304630207,-1.0,1.0,0.5555766830359372,4.737213529195947
-0.8325659893558767,-1.0,-0.9559794676192386,-0.45481259232108917,-1.0,-0.9348481321088932,0.9928661884954797
-0.5296545759830569,-0.5493901963660804,-0.6763525246696064,-1.0,-0.19191903934621746,-0.1949462923381635,0.018631416963657887
0.4209469271200935,0.1527457357514599,0.9609571504046097,1.0,-0.09944224583319544,-0.9451324806864518,1.2111516227296415
1.0,1.0,1.0,1.0,1.0,1.0,-9.895326507404143
0.539423811485533,1.0,0.9581202537627537,0.04221204167312709,-0.5255080658476651,0.6356792516720061,-1.5969412486706245
-0.2097622371150157,0.22985974560791442,1.0,-0.45920258456035934,-0.723690966133421,-0.9579549419843708,0.4087751770841639
-0.6216024341019055,-0.30930247975782565,0.11260831402876195,-1.0,0.7863063879829194,1.0,3.888807020609223
-0.5697942973470203,0.019127530985007968,1.0,-1.0,0.14383073196365803,1.0,-3.132693855232014
1.0,0.4852338915041976,0.6956262081411702,1.0,0.6081332953630552,0.3173615471984841,-3.55903201709
-0.2140654690038789,-0.999475061533505,0.5193619369774722,-0.011413864947643959,0.9596245473631363,1.0,3.7565222202116084
0.1548818489223781,0.07991180160308742,0.13321166095133474,-0.17185379570565662,0.6457869705805261,-0.611588828713391,0.07081806421786407
-1.0,-0.9809273365597106,-1.0,-0.8370588260498344,0.6337169146834403,-0.3822908173133007,-4.3538106222991475
1.0,0.6702443583714239,1.0,1.0,-0.23410951982468042,0.41082872018216876,-1.3195739506429376
-1.0,-0.21919236363473038,-0.3144328721603262,-1.0,0.8498473482283697,-0.5443305545471129,5.7218525639862206
-1.0,0.13001347663842155,-1.0,-0.7591685108879795,0.23682838473075102,-0.02188300540023902,-1.5893893478735963
-1.0,-1.0,-0.5791876989290083,0.16462208028463066,0.7891163091329717,0.3766004745102723,-0.40692948276628915
-0.239994001769186,0.5065495012463865,0.8888482545324704,-0.24690933798065856,0.8338936251092702,-0.5045661943813982,0.37787417212343544
0.19418159024460624,0.13355563430326445,0.0744605155491399,-0.4330554655442033,0.43290947145553144,0.4053529308759115,0.010001572678185605
-1.0,-0.005870796894517527,-0.07238063622824509,-0.14631368830188718,1.0,-0.37549238132337337,3.7561592630133185
1.0,0.7745949478570164,0.6089260354299213,1.0,0.4268611660869901,0.41420640104089335,-2.7785241618985483
-1.0,-0.06793347316418608,0.7597579852870258,-0.9959487104951188,1.0,1.0,2.4414825702015257
-1.0,-0.8413199734233963,-0.7478344068846106,-0.5817335370114913,-1.0,-1.0,2.1658644584770967
0.6028352406717244,0.08608124377365389,-1.0,0.11295418897530776,-0.052353718374524016,-0.6770889770957043,1.0214974714449423
-0.34798067482637646,-0.7666849352551355,-1.0,-0.4389514848863012,-0.8044777068419694,-0.7131928885739864,-0.1934408428391628
-0.3047466682153481,-0.3777340310444736,0.7702975351898717,-1.0,1.0,0.4293431431576792,-0.05056668077202134
-0.8851429974465814,-0.7835757090771172,-1.0,0.4539410512118983,-0.5147843637064035,0.9725952692184467,3.2038228431339553
-0.018413949386756445,0.5725957551878391,1.0,-0.3413790685381001,0.05454876321542779,1.0,0.17020620991513646
-0.1175739771193347,-0.046647926957147035,0.8634560324747631,0.3958456491699427,0.6135054639346202,0.3779146294995547,-1.0594645164979137
-0.07298949062682081,-0.2385675201233436,0.41679625630641726,1.0,-0.4653012698765006,0.8086908564016326,1.2860651620411523
-0.18448100443555915,-1.0,-0.2326543283765512,-0.09251262876936894,1.0,1.0,2.3332260562770197
-1.0,-0.469075835085764,-1.0,-1.0,-0.16632490991942905,-0.1702996034082034,-2.9746646119762454
-0.030035499550611022,-0.12133841369094833,-1.0,-0.4653746792205714,-0.3928953196129197,-0.8398777153392308,1.3169660050069476
0.6760979980475335,0.3568012028567198,-1.0,-0.8070423154113939,0.3154083701656661,-0.1662048519963898,-2.001471030107725
-1.0,-0.14699988914929085,-0.5700572429822712,-0.837629707625475,0.2517571510989045,-0.15615431762092785,-0.5868314541629693
0.32597346007873734,-1.0,0.9264457466631618,-0.599670788935182,0.9924075897275171,0.6164769719004037,-2.671191053164015
-0.32350085463111095,0.292635636247322,-0.11422290572290761,-0.24667563131542045,0.5331967874996133,-0.31553930568716726,0.4731149777840392
0.49841963361597674,0.16658614272476407,0.28465500264074006,0.8827626352645842,0.6424219198497472,0.5872477229224236,-0.9207934572444278
-0.21477147399168706,-1.0,-0.5767407876608575,-0.5107227758995869,-0.5624920460786278,-0.5786928983089673,0.4886547689032331
-0.2495054794898351,0.5611205878806658,-0.117807907021979,1.0,1.0,-1.0,1.7676511892494333
-0.888538434391264,0.22301297231267017,-0.2328397122260728,-1.0,1.0,0.3669744628555267,4.100962602611284
-0.049703125242294394,-0.7260643865219808,0.465658813054858,-0.5575290798971773,1.0,0.11058003481911283,1.0545937489159165
0.397290412932672,-0.2822736705388355,-0.6472722559884637,0.041135929181012054,-0.08517038957647283,-0.28023503102097547,0.07694405066880351
-0.7243152287455485,0.5862615843651114,0.639738364224096,0.315779110944546,-0.64261169449574,-0.6604168768647863,-1.217150453262917
0.2531214123658865,0.009569019053968342,1.0,0.12022486149611655,1.0,-0.18083221121726256,-1.4029685540173555
-0.07358971072595921,-0.8596750333453063,0.6803765981147276,-0.6406710814086046,0.023947022073362856,0.2919930973611076,0.667680892314494
1.0,0.6294673666486357,1.0,0.5473728597682925,-0.7931029786587038,-0.7239664473289577,4.322177816313508
-0.257879709770346,-0.3794464279918264,-0.9563259801995094,-1.0,0.6118115313110972,1.0,4.9346360729875265
-1.0,-0.8839657672794003,0.03862743260673496,-1.0,1.0,-0.07635624273844188,3.9501208669791716
0.24572756182169786,1.0,0.995015889805043,1.0,0.3150036224463523,1.0,-6.395238556698613
0.14024148546601262,-0.4499730656238533,-0.6106103653346133,0.8925095232086271,0.7320896683137373,-1.0,0.21296263579196395
-0.39172614630707114,0.6471261650896646,-0.2751964073344739,0.08420248517428924,-0.478074409514903,1.0,3.7295524142570073
-0.37650003716853725,1.0,-0.10483946803038535,0.9460460741410117,-0.80010731984496,-1.0,4.1007147160425825
0.4305726295241947,0.6059241101510913,-0.5538189721931176,0.9090165675990762,1.0,0.41188637601182443,0.10732872830821255
0.059078796677587156,-0.8933594897628694,-1.0,-0.752558583444163,0.12064871226191809,0.4467666881587856,-2.1383379818064387
-1.0,-0.3372711766299371,1.0,-0.12709776415158353,0.5740172641281487,0.05829855690631203,0.5469918341631093
0.5381647893370445,1.0,0.6167850515856007,0.10817062026052204,1.0,-0.6329494260522377,-2.1100755295573577
-1.0,-0.501734886322807,-1.0,-0.8561620313726618,-0.6569880317939651,-1.0,4.188691258140733
1.0,-0.1193966334849283,0.3968913687890931,1.0,1.0,0.8976755745123481,-0.8257903924923634
0.3589396385638579,0.19797086468417535,1.0,-0.3009011476803169,0.25165658988388295,-1.0,1.436439266254036
-0.5860411852789562,-0.030471026600274564,-1.0,-0.30908303060949227,-0.34491415683615323,1.0,7.39686726453747
-0.6005589049853995,-0.8440925877660306,-0.9269107661422129,-1.0,-0.5261942793754683,-0.6715467095650545,0.02143176177601397
-0.7238701068782323,-0.3468955970972196,-0.06157805132173266,0.13977966166871403,-1.0,-1.0,-0.7367400047055441
0.20131887242750768,1.0,0.8745625463744594,1.0,0.677803532990277,0.2568165816233794,-5.2367079877098845
-0.4237659811696784,-0.15104768007177452,-0.32748624489143235,-0.3584934663411298,0.20253353836931243,-1.0,3.781500753902418
-1.0,-0.19298946800283145,-1.0,-1.0,0.10644159692449462,-1.0,5.116327129324505
1.0,0.05966435190872743,1.0,1.0,-0.7850315302624649,-0.488305011363222,4.406690192856547
0.9629077180285378,-0.44639676146266605,-0.4241062731038353,-0.20231536176030185,-1.0,-0.6907340218224565,5.120142030354418
-1.0,-0.7004336429023407,1.0,-0.3344157592409893,-0.34501121456162975,1.0,-3.4665172026233253
0.29107223987938036,-0.683049816574455,-1.0,-0.9157256743292637,-0.9023517673663717,-0.6612911548085885,2.6144164097816884
0.42789088681892684,0.662030238299054,0.33780995794980984,1.0,0.12270574540102769,-0.811153844735523,1.8183582585498277
-1.0,-1.0,-1.0,-0.45747911165022703,0.9317842689357094,0.3196802972314306,-5.163170070988472
-0.032248217387423006,-0.2856016147587632,-0.3016129906086942,-1.0,0.39457894550333905,1.0,2.084227627116068
-0.49779375298152184,0.276839321751451,-0.8011982588393118,-0.8072578014322555,-0.04376143443437827,-0.24848904497173163,-0.1506791250782935
-1.0,-0.718555814058301,0.02629766334702488,-0.8374968111448859,-0.9125549098026575,-0.26656672854647706,0.6826830125770216
0.5695063220630814,1.0,1.0,1.0,-0.6919547884015352,-1.0,3.9723025410032733
-0.6619693208704702,-0.5766466763031239,-0.10152401266925581,-0.5320202539645293,1.0,-0.0939094313720249,2.4008929160554766
0.9030341391962853,1.0,0.08233207290037137,1.0,0.00484773454942744,0.5617176234269037,1.4885582522730503
-1.0,-0.5021173788134536,-1.0,-0.9531010404226032,-1.0,-0.20414435916016993,-1.436773832223696
-0.07751327579799172,1.0,1.0,0.7697320415335411,1.0,0.8382911189161701,-4.78298557990046
-0.41667189202605115,-1.0,-0.28849919927692164,-0.16205217147908907,0.08731828275077769,0.9008179485904728,0.781380856015651
-0.8924677340418532,-1.0,-0.5272201546154596,0.34968977593262207,-0.9280552145598757,-0.6717318653592907,-2.2995197302976234
-0.9501784332246219,-0.0011593212131140174,0.4207408747634555,0.41420766809743137,0.09896085636005059,1.0,-0.13447923587602045
-0.6923722857941594,0.5747715990609417,0.7303178732776063,0.3717647953707435,-0.41449784964619196,-0.15078712836848118,-1.026246553207861
1.0,0.06451665622893543,0.4466109003260292,-0.19266464846825704,0.5439687799201891,-0.3825282188640677,-0.24744077632677142
0.10065898972629081,0.5772288445393088,-0.34235097498246114,0.44837668544984677,0.5594025282276625,0.4476011928470508,0.8754808269600525
-0.996502988904124,-1.0,-1.0,-0.17272644621333821,-0.07661868936677341,0.1406622206013689,-4.851969890411934
0.2244848726087456,0.5202236727519789,-0.3984481045786612,0.22721581143919622,1.0,1.0,4.815554312757178
1.0,0.6443271833293946,1.0,1.0,0.08919788618203373,-0.6121241231436173,1.4382835815470576
0.8057546224011708,-1.0,-1.0,0.5289539953651773,-1.0,0.16831745624905792,2.303980826979063
-0.12907460278463823,0.686164593543263,1.0,-0.022729933332297336,-0.7981880904120311,0.9401299736558012,-1.284668254765323
0.1272114335061505,-0.07864398967681785,-0.83331922258313,-1.0,-0.6721940600971472,-1.0,2.6608884813195246
1.0,0.8902355780734887,0.11633314233294623,1.0,-0.3789641421217058,-1.0,8.768311818230933
